Year,Round,Driver,GridPosition,TeamTier,QualifyingDelta,FP2_PaceDelta,DriverForm,Podium
2022,1,LEC,1,1,0.0,,0.0,1
2022,1,SAI,3,1,0.12899999999999068,5.093500000000006,0.0,1
2022,1,HAM,5,1,0.4899999999999949,5.350999999999999,0.0,1
2022,1,RUS,9,1,0.6939999999999884,5.125,0.0,0
2022,1,MAG,7,3,0.9029999999999916,5.157000000000011,0.0,0
2022,1,BOT,6,3,1.0019999999999953,0.0,0.0,0
2022,1,OCO,11,2,1.2239999999999895,5.287000000000006,0.0,0
2022,1,TSU,16,2,2.191999999999993,5.793000000000006,0.0,0
2022,1,ALO,8,2,1.0629999999999882,5.011500000000012,0.0,0
2022,1,ZHO,15,3,1.934999999999988,2.152000000000001,0.0,0
2022,1,MSC,12,3,1.4399999999999977,6.348000000000013,0.0,0
2022,1,STR,19,2,2.4739999999999895,5.912000000000006,0.0,0
2022,1,ALB,14,3,2.1059999999999945,6.7690000000000055,0.0,0
2022,1,RIC,18,1,2.3869999999999862,14.266500000000008,0.0,0
2022,1,NOR,13,1,1.4499999999999886,6.098000000000013,0.0,0
2022,1,LAT,20,3,3.0759999999999934,6.546500000000009,0.0,0
2022,1,HUL,17,2,2.218999999999994,6.743000000000009,0.0,0
2022,1,PER,4,1,0.36299999999999955,4.879500000000007,0.0,0
2022,1,VER,2,1,0.12299999999999045,4.049000000000007,0.0,0
2022,1,GAS,10,2,1.0769999999999982,1.6340000000000003,0.0,0
2022,2,VER,4,1,0.2609999999999957,5.125,0.0,1
2022,2,LEC,2,1,0.024999999999991473,0.0,1.0,1
2022,2,SAI,3,1,0.20199999999999818,0.9909999999999997,0.6923076923076923,1
2022,2,PER,1,1,0.0,5.088999999999999,0.0,0
2022,2,RUS,6,1,0.9039999999999964,5.869,0.46153846153846156,0
2022,2,OCO,5,2,0.867999999999995,1.8969999999999914,0.23076923076923078,0
2022,2,NOR,11,1,1.4509999999999934,6.140000000000001,0.0,0
2022,2,GAS,9,2,1.054000000000002,2.346999999999994,0.0,0
2022,2,MAG,10,3,1.3460000000000036,3.6430000000000007,0.38461538461538464,0
2022,2,HAM,15,1,2.1430000000000007,5.6569999999999965,0.5769230769230769,0
2022,2,ZHO,12,3,1.6189999999999998,6.6754999999999995,0.038461538461538464,0
2022,2,HUL,17,2,2.3430000000000035,6.288499999999999,0.0,0
2022,2,STR,13,2,2.0559999999999974,8.50399999999999,0.0,0
2022,2,ALB,16,3,2.2920000000000016,4.319999999999993,0.0,0
2022,2,BOT,8,3,0.9830000000000041,5.325999999999993,0.3076923076923077,0
2022,2,ALO,7,2,0.9470000000000027,5.534999999999997,0.07692307692307693,0
2022,2,RIC,14,1,1.5729999999999933,2.086999999999989,0.0,0
2022,2,LAT,18,3,3.6169999999999902,3.405000000000001,0.0,0
2022,2,TSU,19,2,2.5,1.2560000000000002,0.15384615384615385,0
2022,2,MSC,20,3,1.7199999999999989,1.3960000000000008,0.0,0
2022,3,LEC,1,1,0.0,0.39099999999999113,0.8653846153846154,1
2022,3,PER,3,1,0.3719999999999999,3.2099999999999937,0.23076923076923078,1
2022,3,RUS,6,1,1.065000000000012,5.824999999999989,0.4230769230769231,1
2022,3,HAM,5,1,0.9570000000000078,6.765000000000001,0.3076923076923077,0
2022,3,NOR,4,1,0.835000000000008,4.711999999999989,0.11538461538461539,0
2022,3,RIC,7,1,1.1640000000000015,1.2860000000000014,0.0,0
2022,3,OCO,8,2,1.193000000000012,0.6559999999999917,0.2692307692307692,0
2022,3,BOT,12,3,1.3830000000000098,1.9029999999999916,0.15384615384615385,0
2022,3,GAS,11,2,1.358000000000004,0.0,0.07692307692307693,0
2022,3,ALB,20,3,2.26700000000001,3.2439999999999998,0.0,0
2022,3,ZHO,14,3,2.0420000000000016,2.850999999999999,0.019230769230769232,0
2022,3,STR,19,2,2.5,2.61399999999999,0.0,0
2022,3,MSC,15,3,2.236000000000004,2.7959999999999923,0.0,0
2022,3,MAG,16,3,2.38600000000001,4.744,0.23076923076923078,0
2022,3,TSU,13,2,1.5560000000000116,4.260999999999996,0.07692307692307693,0
2022,3,LAT,18,3,3.504000000000005,5.1569999999999965,0.0,0
2022,3,ALO,10,2,0.9470000000000027,3.73599999999999,0.038461538461538464,0
2022,3,VER,2,1,0.28600000000000136,3.1154999999999973,0.4807692307692308,0
2022,3,VET,17,2,3.281000000000006,,0.0,0
2022,3,SAI,9,1,0.6009999999999991,4.597999999999999,0.6346153846153846,0
2022,4,VER,1,1,0.0,0.0,0.32051282051282054,1
2022,4,PER,3,1,0.5030000000000001,0.23499999999999943,0.38461538461538464,1
2022,4,NOR,5,1,0.5009999999999906,1.4200000000000017,0.20512820512820512,1
2022,4,RUS,11,1,1.5899999999999892,1.8670000000000044,0.47435897435897434,0
2022,4,BOT,7,3,1.3989999999999867,1.4839999999999947,0.15384615384615385,0
2022,4,LEC,2,1,0.0030000000000001137,0.11499999999999488,0.9102564102564102,0
2022,4,TSU,12,2,1.6809999999999974,2.0130000000000052,0.05128205128205128,0
2022,4,VET,13,2,1.1639999999999873,2.1700000000000017,0.0,0
2022,4,MAG,8,3,1.1089999999999947,1.7999999999999972,0.15384615384615385,0
2022,4,STR,15,2,1.5489999999999924,2.1359999999999957,0.0,0
2022,4,ALB,18,3,2.5,2.254000000000005,0.01282051282051282,0
2022,4,GAS,17,2,1.938999999999993,2.0349999999999966,0.07692307692307693,0
2022,4,HAM,14,1,1.6769999999999925,2.1899999999999977,0.358974358974359,0
2022,4,OCO,16,2,3.5449999999999875,2.040999999999997,0.2564102564102564,0
2022,4,ZHO,20,3,0.9369999999999976,,0.01282051282051282,0
2022,4,LAT,19,3,3.1779999999999973,2.683000000000007,0.0,0
2022,4,MSC,10,3,1.6289999999999907,1.7249999999999943,0.0,0
2022,4,RIC,6,1,1.1869999999999976,1.605000000000004,0.10256410256410256,0
2022,4,ALO,9,2,0.8019999999999925,1.7309999999999945,0.02564102564102564,0
2022,4,SAI,4,1,0.19699999999998852,0.936000000000007,0.4230769230769231,0
2022,5,VER,3,1,0.19499999999999318,,0.49038461538461536,1
2022,5,LEC,1,1,0.0,0.7955000000000041,0.7596153846153846,1
2022,5,SAI,2,1,0.18999999999999773,15.866500000000002,0.3173076923076923,1
2022,5,PER,4,1,0.23999999999999488,2.7480000000000047,0.46153846153846156,0
2022,5,RUS,12,1,1.3769999999999953,0.8700000000000045,0.47115384615384615,0
2022,5,HAM,6,1,0.8289999999999935,1.6750000000000114,0.2692307692307692,0
2022,5,BOT,5,3,0.6789999999999878,,0.21153846153846154,0
2022,5,OCO,20,2,2.5,1.6065000000000111,0.19230769230769232,0
2022,5,ALB,18,3,2.469999999999999,17.956000000000003,0.009615384615384616,0
2022,5,STR,20,2,1.1999999999999886,2.659000000000006,0.009615384615384616,0
2022,5,ALO,11,2,1.36399999999999,1.2290000000000134,0.019230769230769232,0
2022,5,TSU,9,2,1.1359999999999957,1.7830000000000013,0.09615384615384616,0
2022,5,RIC,14,1,1.5139999999999958,4.467000000000013,0.07692307692307693,0
2022,5,LAT,19,3,2.5289999999999964,2.8670000000000044,0.0,0
2022,5,MSC,15,3,1.6269999999999953,3.978500000000011,0.0,0
2022,5,MAG,16,3,2.178999999999988,0.980000000000004,0.1346153846153846,0
2022,5,VET,20,2,1.4179999999999922,2.8925000000000125,0.038461538461538464,0
2022,5,GAS,7,2,0.8939999999999912,1.3400000000000034,0.057692307692307696,0
2022,5,NOR,8,1,0.8379999999999939,0.0,0.2980769230769231,0
2022,5,ZHO,17,3,2.2239999999999895,1.3020000000000067,0.009615384615384616,0
2022,6,VER,2,1,0.3229999999999933,3.9309999999999974,0.5923076923076923,1
2022,6,PER,5,1,0.6700000000000017,0.7129999999999939,0.46153846153846156,1
2022,6,RUS,4,1,0.6430000000000007,4.503,0.45384615384615384,1
2022,6,SAI,3,1,0.4159999999999968,4.171999999999997,0.36923076923076925,0
2022,6,HAM,6,1,0.7620000000000005,4.292000000000002,0.27692307692307694,0
2022,6,BOT,7,3,0.8580000000000041,,0.2153846153846154,0
2022,6,OCO,12,2,1.8880000000000052,0.0,0.18461538461538463,0
2022,6,NOR,11,1,1.7210000000000036,,0.23846153846153847,0
2022,6,ALO,20,2,2.2930000000000064,5.265000000000001,0.015384615384615385,0
2022,6,TSU,13,2,1.8889999999999958,6.198999999999998,0.07692307692307693,0
2022,6,VET,16,2,2.2039999999999935,1.6679999999999922,0.03076923076923077,0
2022,6,RIC,9,1,1.5370000000000061,,0.06153846153846154,0
2022,6,GAS,14,2,1.968999999999994,4.614999999999995,0.046153846153846156,0
2022,6,MSC,10,3,1.617999999999995,5.9495000000000005,0.0,0
2022,6,STR,17,2,2.6680000000000064,2.6809999999999974,0.015384615384615385,0
2022,6,LAT,19,3,3.1650000000000063,6.927499999999995,0.0,0
2022,6,MAG,8,3,0.9320000000000022,5.2109999999999985,0.1076923076923077,0
2022,6,ALB,18,3,2.894999999999996,6.971999999999994,0.023076923076923078,0
2022,6,ZHO,15,3,1.725999999999999,5.765000000000001,0.007692307692307693,0
2022,6,LEC,1,1,0.0,4.628,0.7461538461538462,0
2022,7,PER,3,1,0.2530000000000001,8.058000000000007,0.5064102564102564,1
2022,7,SAI,2,1,0.22499999999999432,5.653499999999994,0.38461538461538464,1
2022,7,VER,4,1,0.28999999999999204,4.0319999999999965,0.6538461538461539,1
2022,7,LEC,1,1,0.0,0.0,0.6217948717948718,0
2022,7,RUS,6,1,0.73599999999999,3.945999999999998,0.47435897435897434,0
2022,7,NOR,5,1,0.472999999999999,5.340000000000003,0.22435897435897437,0
2022,7,ALO,7,2,0.8709999999999951,2.2990000000000066,0.02564102564102564,0
2022,7,HAM,8,1,1.1839999999999975,4.552999999999997,0.2948717948717949,0
2022,7,BOT,12,3,1.5330000000000013,3.7579999999999956,0.23076923076923078,0
2022,7,VET,9,2,1.2369999999999948,6.036500000000004,0.02564102564102564,0
2022,7,GAS,17,2,2.283999999999992,5.209000000000003,0.038461538461538464,0
2022,7,OCO,10,2,1.152000000000001,3.531000000000006,0.19230769230769232,0
2022,7,RIC,14,1,1.5879999999999939,,0.05128205128205128,0
2022,7,STR,18,2,2.3019999999999925,6.141999999999996,0.01282051282051282,0
2022,7,LAT,19,3,3.027000000000001,7.766999999999996,0.0,0
2022,7,ZHO,20,3,4.22999999999999,4.6710000000000065,0.00641025641025641,0
2022,7,TSU,11,2,1.4209999999999923,6.185500000000005,0.07051282051282051,0
2022,7,ALB,16,3,2.2349999999999994,5.722999999999999,0.019230769230769232,0
2022,7,MSC,15,3,1.7049999999999983,8.183000000000007,0.0,0
2022,7,MAG,13,3,1.5450000000000017,7.241,0.08974358974358974,0
2022,8,VER,3,1,0.3470000000000084,0.0,0.6428571428571429,1
2022,8,PER,2,1,0.2820000000000107,2.5579999999999927,0.5714285714285714,1
2022,8,RUS,5,1,1.3530000000000086,4.6845,0.46153846153846156,1
2022,8,HAM,7,1,1.565000000000012,4.680499999999995,0.27472527472527475,0
2022,8,GAS,6,2,1.4860000000000042,1.6189999999999998,0.03296703296703297,0
2022,8,VET,9,2,1.7319999999999993,4.034999999999997,0.027472527472527472,0
2022,8,ALO,10,2,1.8140000000000072,4.2890000000000015,0.054945054945054944,0
2022,8,RIC,12,1,2.2150000000000034,6.606999999999999,0.04395604395604396,0
2022,8,NOR,11,1,2.0390000000000015,5.0049999999999955,0.24175824175824176,0
2022,8,OCO,13,2,2.225999999999999,2.6869999999999976,0.16483516483516483,0
2022,8,BOT,15,3,3.085000000000008,4.707499999999996,0.2087912087912088,0
2022,8,ALB,17,3,3.3599999999999994,3.6400000000000006,0.016483516483516484,0
2022,8,TSU,8,2,1.6970000000000027,1.0079999999999956,0.06043956043956044,0
2022,8,MSC,20,3,4.416000000000011,8.870999999999995,0.0,0
2022,8,LAT,18,3,4.00800000000001,2.2860000000000014,0.0,0
2022,8,STR,19,2,4.0120000000000005,4.6965,0.01098901098901099,0
2022,8,MAG,16,3,3.284000000000006,5.72699999999999,0.07692307692307693,0
2022,8,ZHO,14,3,2.4180000000000064,3.043999999999997,0.005494505494505495,0
2022,8,LEC,1,1,0.0,2.497,0.5989010989010989,0
2022,8,SAI,4,1,0.4549999999999983,2.924999999999997,0.42857142857142855,0
2022,9,VER,1,1,0.0,0.5549999999999926,0.6826923076923077,1
2022,9,SAI,3,1,0.796999999999997,2.9080000000000013,0.375,1
2022,9,HAM,4,1,1.5919999999999987,3.495999999999995,0.2980769230769231,1
2022,9,RUS,8,1,2.2579999999999956,1.9710000000000036,0.47596153846153844,0
2022,9,LEC,19,1,11.708999999999989,3.6310000000000002,0.5240384615384616,0
2022,9,OCO,7,2,2.2299999999999898,1.2920000000000016,0.14903846153846154,0
2022,9,BOT,11,3,5.48899999999999,,0.18269230769230768,0
2022,9,ZHO,10,3,2.7309999999999945,4.114000000000004,0.004807692307692308,0
2022,9,ALO,2,2,0.644999999999996,0.0,0.07692307692307693,0
2022,9,STR,17,2,14.23299999999999,3.4779999999999944,0.009615384615384616,0
2022,9,RIC,9,1,2.4499999999999886,1.733000000000004,0.057692307692307696,0
2022,9,VET,16,2,13.212999999999994,3.320999999999998,0.0625,0
2022,9,ALB,12,3,5.5589999999999975,3.727000000000004,0.014423076923076924,0
2022,9,GAS,15,2,13.192999999999998,2.7650000000000006,0.07692307692307693,0
2022,9,NOR,14,1,12.766999999999996,1.9719999999999942,0.22115384615384615,0
2022,9,LAT,18,3,14.36099999999999,3.804000000000002,0.0,0
2022,9,MAG,5,3,1.6609999999999872,2.1310000000000002,0.0673076923076923,0
2022,9,TSU,20,2,15.275999999999996,4.3289999999999935,0.052884615384615384,0
2022,9,MSC,6,3,2.056999999999988,4.8914999999999935,0.0,0
2022,9,PER,13,1,11.827999999999989,3.4650000000000034,0.5913461538461539,0
2022,10,SAI,1,1,1.0609999999999928,2.816999999999993,0.41452991452991456,1
2022,10,PER,4,1,1.391999999999996,,0.5256410256410257,1
2022,10,HAM,5,1,1.2989999999999924,3.097999999999999,0.32905982905982906,1
2022,10,LEC,3,1,0.7169999999999987,3.0234999999999985,0.5085470085470085,0
2022,10,ALO,7,2,2.468999999999994,2.2879999999999967,0.07692307692307693,0
2022,10,NOR,6,1,2.3859999999999957,3.9329999999999927,0.19658119658119658,0
2022,10,VER,2,1,0.0,15.384999999999991,0.7136752136752137,0
2022,10,MSC,19,3,3.5789999999999935,0.0,0.0,0
2022,10,VET,18,2,3.536999999999992,3.754499999999993,0.05555555555555555,0
2022,10,MAG,17,3,3.030000000000001,2.4539999999999935,0.05982905982905983,0
2022,10,STR,20,2,4.301000000000002,5.340999999999994,0.01282051282051282,0
2022,10,LAT,10,3,2.8689999999999998,5.100999999999999,0.0,0
2022,10,RIC,14,1,2.804000000000002,4.074999999999989,0.05128205128205128,0
2022,10,TSU,13,2,2.763999999999996,0.3219999999999885,0.04700854700854701,0
2022,10,OCO,15,2,2.600999999999999,2.3029999999999973,0.16666666666666666,0
2022,10,GAS,11,2,2.551000000000002,0.4679999999999893,0.06837606837606838,0
2022,10,BOT,12,3,2.266999999999996,3.810999999999993,0.18803418803418803,0
2022,10,RUS,8,1,0.8990000000000009,3.5659999999999883,0.47435897435897434,0
2022,10,ZHO,9,3,1.661999999999992,4.096999999999994,0.021367521367521368,0
2022,10,ALB,16,3,2.948999999999998,13.822499999999991,0.01282051282051282,0
2022,11,LEC,2,1,0.029000000000010573,0.0,0.5038461538461538,1
2022,11,VER,1,1,0.0,0.0024999999999977263,0.6653846153846154,1
2022,11,HAM,8,1,0.49099999999999966,1.4155000000000086,0.3576923076923077,1
2022,11,RUS,4,1,0.44700000000000273,0.4615000000000009,0.4269230769230769,0
2022,11,OCO,6,2,0.7420000000000044,1.338000000000008,0.15,0
2022,11,MSC,9,3,1.027000000000001,1.5400000000000063,0.015384615384615385,0
2022,11,NOR,10,1,1.3460000000000036,1.402000000000001,0.2076923076923077,0
2022,11,MAG,7,3,0.8950000000000102,1.5625,0.057692307692307696,0
2022,11,RIC,11,1,1.6290000000000049,1.3795000000000073,0.046153846153846156,0
2022,11,ALO,19,2,1.0320000000000107,,0.1076923076923077,0
2022,11,BOT,20,3,1.335000000000008,1.5120000000000005,0.16923076923076924,0
2022,11,ALB,15,3,1.2460000000000093,1.7674999999999983,0.011538461538461539,0
2022,11,STR,12,2,1.8629999999999995,1.7745000000000033,0.011538461538461539,0
2022,11,ZHO,13,3,1.9170000000000016,1.6400000000000006,0.019230769230769232,0
2022,11,GAS,14,2,1.176000000000002,1.6910000000000025,0.06153846153846154,0
2022,11,TSU,16,2,1.4789999999999992,2.040999999999997,0.04230769230769231,0
2022,11,VET,18,2,2.0990000000000038,1.7950000000000017,0.057692307692307696,0
2022,11,SAI,3,1,0.08200000000000784,0.1664999999999992,0.46923076923076923,0
2022,11,LAT,17,3,2.0190000000000055,2.7150000000000034,0.0,0
2022,11,PER,5,1,1.159000000000006,0.5940000000000083,0.5423076923076923,0
2022,12,VER,2,1,0.30400000000000205,2.2730000000000103,0.6713286713286714,1
2022,12,HAM,4,1,0.8930000000000007,,0.3776223776223776,1
2022,12,RUS,6,1,1.2590000000000003,,0.43006993006993005,1
2022,12,PER,3,1,0.46299999999999386,,0.493006993006993,0
2022,12,SAI,19,1,0.20900000000000318,3.1555000000000035,0.42657342657342656,0
2022,12,ALO,7,2,1.6800000000000068,3.769500000000008,0.10139860139860139,0
2022,12,NOR,5,1,1.1599999999999966,4.267499999999998,0.2097902097902098,0
2022,12,OCO,10,2,2.176000000000002,4.6285000000000025,0.17132867132867133,0
2022,12,RIC,9,1,2.049999999999997,4.861000000000004,0.04895104895104895,0
2022,12,STR,15,2,2.566999999999993,2.3830000000000098,0.01048951048951049,0
2022,12,VET,12,2,2.4039999999999964,1.757000000000005,0.05244755244755245,0
2022,12,GAS,14,2,2.566999999999993,0.0,0.055944055944055944,0
2022,12,ALB,13,3,2.4350000000000023,4.146000000000001,0.01048951048951049,0
2022,12,BOT,11,3,2.162000000000006,15.3275,0.15384615384615385,0
2022,12,MSC,17,3,2.8289999999999935,5.769500000000008,0.04195804195804196,0
2022,12,ZHO,16,3,2.8020000000000067,0.8329999999999984,0.017482517482517484,0
2022,12,LAT,18,3,2.921999999999997,2.855000000000004,0.0,0
2022,12,MAG,20,3,1.777000000000001,4.790000000000006,0.06643356643356643,0
2022,12,LEC,1,1,0.0,3.118000000000009,0.5454545454545454,0
2022,12,TSU,8,2,1.9080000000000013,4.070999999999998,0.038461538461538464,0
2022,13,VER,10,1,0.3260000000000076,4.396999999999991,0.6955128205128205,1
2022,13,HAM,7,1,0.6580000000000013,,0.40384615384615385,1
2022,13,RUS,1,1,0.0,5.501999999999995,0.4423076923076923,1
2022,13,SAI,2,1,0.04400000000001114,3.7039999999999935,0.42628205128205127,0
2022,13,PER,11,1,1.13900000000001,4.869,0.49038461538461536,0
2022,13,LEC,3,1,0.18999999999999773,3.7920000000000016,0.5,0
2022,13,NOR,4,1,0.3920000000000101,2.283999999999992,0.21153846153846154,0
2022,13,ALO,6,2,0.527000000000001,5.360500000000002,0.11858974358974358,0
2022,13,OCO,5,2,0.6410000000000053,0.0,0.16987179487179488,0
2022,13,VET,18,2,1.8960000000000008,4.676500000000004,0.04807692307692308,0
2022,13,STR,14,2,1.7600000000000051,4.408999999999992,0.01282051282051282,0
2022,13,GAS,20,2,2.1500000000000057,5.313000000000002,0.05128205128205128,0
2022,13,ZHO,12,3,1.195999999999998,5.658000000000001,0.016025641025641024,0
2022,13,MSC,15,3,1.7870000000000061,7.331000000000003,0.038461538461538464,0
2022,13,RIC,9,1,0.820999999999998,4.289999999999992,0.05128205128205128,0
2022,13,MAG,13,3,1.4480000000000075,3.872,0.060897435897435896,0
2022,13,ALB,17,3,1.8790000000000049,6.256,0.009615384615384616,0
2022,13,LAT,19,3,2.192999999999998,6.030999999999992,0.0,0
2022,13,TSU,16,2,1.8629999999999995,5.662999999999997,0.035256410256410256,0
2022,13,BOT,8,3,0.7800000000000011,5.501000000000005,0.14102564102564102,0
2022,14,VER,14,1,0.0,,0.7159763313609467,1
2022,14,PER,2,1,0.796999999999997,,0.4822485207100592,1
2022,14,SAI,1,1,0.6319999999999908,,0.4289940828402367,1
2022,14,RUS,5,1,1.7959999999999923,3.881999999999991,0.4526627218934911,0
2022,14,ALO,3,2,1.7029999999999887,,0.12130177514792899,0
2022,14,LEC,15,1,0.8859999999999957,3.522999999999996,0.48520710059171596,0
2022,14,OCO,16,2,1.5150000000000006,1.6730000000000018,0.16272189349112426,0
2022,14,VET,10,2,2.678999999999988,6.884,0.047337278106508875,0
2022,14,GAS,20,2,2.161999999999992,0.6189999999999998,0.047337278106508875,0
2022,14,ALB,6,3,2.006999999999991,,0.008875739644970414,0
2022,14,STR,9,2,2.590999999999994,,0.011834319526627219,0
2022,14,NOR,17,1,1.9379999999999882,,0.21301775147928995,0
2022,14,TSU,20,2,3.026999999999987,1.671999999999997,0.03254437869822485,0
2022,14,ZHO,18,3,2.4199999999999875,1.9039999999999964,0.014792899408284023,0
2022,14,RIC,7,1,2.1019999999999897,,0.047337278106508875,0
2022,14,MAG,12,3,2.891999999999996,,0.05621301775147929,0
2022,14,MSC,19,3,2.6769999999999925,2.825000000000003,0.03550295857988166,0
2022,14,LAT,11,3,2.73599999999999,,0.0,0
2022,14,BOT,13,3,4.200999999999993,0.0,0.1301775147928994,0
2022,14,HAM,4,1,1.7549999999999955,,0.4289940828402367,0
2022,15,VER,1,1,0.0,1.8725000000000023,0.7362637362637363,1
2022,15,RUS,6,1,0.4819999999999993,1.8245000000000005,0.4532967032967033,1
2022,15,LEC,2,1,0.021000000000000796,1.7494999999999976,0.4725274725274725,1
2022,15,HAM,4,1,0.3059999999999974,0.0,0.3983516483516483,0
2022,15,PER,5,1,0.7349999999999994,2.2920000000000016,0.49725274725274726,0
2022,15,ALO,13,2,1.2710000000000008,4.183499999999995,0.1401098901098901,0
2022,15,NOR,7,1,0.7740000000000009,1.9120000000000061,0.1978021978021978,0
2022,15,SAI,3,1,0.09199999999999875,1.9735000000000014,0.43956043956043955,0
2022,15,OCO,12,2,1.2630000000000052,2.6440000000000055,0.16758241758241757,0
2022,15,STR,10,2,1.073999999999998,1.7335000000000065,0.01098901098901099,0
2022,15,GAS,11,2,1.1700000000000017,0.8275000000000006,0.04945054945054945,0
2022,15,ALB,15,3,1.3529999999999944,3.207000000000008,0.01098901098901099,0
2022,15,MSC,8,3,1.078000000000003,2.424999999999997,0.03296703296703297,0
2022,15,VET,19,2,2.0490000000000066,3.275500000000008,0.054945054945054944,0
2022,15,MAG,18,3,1.9770000000000039,2.8460000000000036,0.0521978021978022,0
2022,15,ZHO,14,3,1.3619999999999948,3.1295000000000073,0.013736263736263736,0
2022,15,RIC,17,1,1.7390000000000043,4.210000000000008,0.04395604395604396,0
2022,15,LAT,20,3,3.0109999999999957,6.614999999999995,0.0,0
2022,15,BOT,16,3,1.6189999999999998,2.6345000000000027,0.12087912087912088,0
2022,15,TSU,9,2,1.085000000000008,3.3015000000000043,0.03021978021978022,0
2022,16,VER,7,1,0.14499999999999602,2.9279999999999973,0.7538461538461538,1
2022,16,LEC,1,1,0.0,3.1074999999999875,0.4794871794871795,1
2022,16,RUS,2,1,1.3810000000000002,3.191999999999993,0.46923076923076923,1
2022,16,SAI,18,1,0.2680000000000007,0.0,0.4205128205128205,0
2022,16,HAM,19,1,1.3629999999999995,3.0619999999999976,0.4025641025641026,0
2022,16,PER,13,1,1.0450000000000017,3.220499999999987,0.4897435897435897,0
2022,16,NOR,3,1,1.4230000000000018,3.9099999999999966,0.2,0
2022,16,GAS,5,2,1.8490000000000038,3.660999999999987,0.046153846153846156,0
2022,16,DEV,8,3,2.3100000000000023,,0.0,0
2022,16,ZHO,9,3,1.8419999999999987,4.204999999999998,0.01282051282051282,0
2022,16,OCO,14,2,1.968999999999994,1.8469999999999942,0.16153846153846155,0
2022,16,MSC,17,3,2.843999999999994,,0.03076923076923077,0
2022,16,BOT,15,3,2.073999999999998,3.7864999999999895,0.11282051282051282,0
2022,16,TSU,20,2,1.8589999999999947,3.85799999999999,0.028205128205128206,0
2022,16,LAT,10,3,2.426000000000002,4.430999999999997,0.0,0
2022,16,MAG,16,3,2.747,4.35799999999999,0.04871794871794872,0
2022,16,RIC,4,1,1.6940000000000026,2.5544999999999902,0.041025641025641026,0
2022,16,STR,12,2,2.5870000000000033,2.239999999999995,0.01282051282051282,0
2022,16,ALO,6,2,1.7000000000000028,3.448999999999998,0.15128205128205127,0
2022,16,VET,11,2,2.4749999999999943,4.434999999999988,0.05128205128205128,0
2022,17,PER,2,1,0.02199999999999136,,0.4807692307692308,1
2022,17,LEC,1,1,0.0,,0.49278846153846156,1
2022,17,SAI,4,1,0.17099999999999227,2.5090000000000003,0.4230769230769231,1
2022,17,NOR,6,1,1.171999999999997,,0.20192307692307693,0
2022,17,RIC,16,1,6.813999999999993,,0.038461538461538464,0
2022,17,STR,11,2,4.798999999999992,2.501500000000007,0.01201923076923077,0
2022,17,VER,8,1,1.9829999999999899,,0.7668269230769231,0
2022,17,VET,13,2,4.967999999999989,2.9170000000000016,0.04807692307692308,0
2022,17,HAM,3,1,0.053999999999987836,3.3640000000000043,0.4014423076923077,0
2022,17,GAS,7,2,1.7989999999999924,4.0715,0.052884615384615384,0
2022,17,BOT,15,3,6.670999999999992,3.465500000000006,0.10576923076923077,0
2022,17,MAG,9,3,2.160999999999987,3.8060000000000116,0.04567307692307692,0
2022,17,MSC,12,3,4.957999999999998,5.672499999999999,0.028846153846153848,0
2022,17,RUS,20,1,4.599999999999994,2.003,0.47596153846153844,0
2022,17,TSU,10,2,2.570999999999998,0.0,0.026442307692307692,0
2022,17,OCO,17,2,6.924999999999997,5.423000000000002,0.15144230769230768,0
2022,17,ALB,18,3,7.572999999999993,3.7510000000000048,0.009615384615384616,0
2022,17,ALO,5,2,0.5539999999999878,2.660000000000011,0.14182692307692307,0
2022,17,LAT,19,3,8.11999999999999,6.204000000000008,0.0,0
2022,17,ZHO,14,3,5.962999999999994,2.1060000000000088,0.014423076923076924,0
2022,18,VER,1,1,0.0,1.5390000000000015,0.7352941176470589,1
2022,18,PER,4,1,0.40500000000000114,1.7579999999999956,0.5090497737556561,1
2022,18,LEC,2,1,0.009999999999990905,,0.504524886877828,1
2022,18,OCO,5,2,0.8610000000000042,,0.1425339366515837,0
2022,18,HAM,6,1,0.9569999999999936,4.3245000000000005,0.38235294117647056,0
2022,18,VET,9,2,1.25,1.6099999999999994,0.05429864253393665,0
2022,18,ALO,7,2,1.0180000000000007,,0.1334841628959276,0
2022,18,RUS,8,1,1.0849999999999937,0.367999999999995,0.4479638009049774,0
2022,18,LAT,20,3,2.2069999999999936,5.2309999999999945,0.0,0
2022,18,NOR,10,1,1.168999999999997,,0.2171945701357466,0
2022,18,RIC,11,1,1.355000000000004,,0.058823529411764705,0
2022,18,STR,19,2,2.114999999999995,3.630499999999998,0.029411764705882353,0
2022,18,TSU,13,2,1.5040000000000049,2.646000000000001,0.024886877828054297,0
2022,18,MAG,18,3,2.048000000000002,,0.042986425339366516,0
2022,18,BOT,12,3,1.4050000000000011,3.4399999999999977,0.09954751131221719,0
2022,18,ZHO,14,3,1.5900000000000034,3.603999999999999,0.013574660633484163,0
2022,18,MSC,15,3,1.847999999999999,,0.027149321266968326,0
2022,18,GAS,17,2,2.0180000000000007,,0.05203619909502263,0
2022,18,SAI,3,1,0.05700000000000216,0.0,0.4321266968325792,0
2022,18,ALB,16,3,2.007000000000005,9.003500000000003,0.00904977375565611,0
2022,19,VER,2,1,0.09199999999999875,1.4380000000000024,0.7478632478632479,1
2022,19,HAM,3,1,0.5910000000000082,1.7219999999999942,0.38247863247863245,1
2022,19,LEC,12,1,0.06500000000001194,1.2379999999999995,0.5085470085470085,1
2022,19,PER,9,1,0.2890000000000015,1.8559999999999945,0.5192307692307693,0
2022,19,RUS,4,1,0.632000000000005,1.832499999999996,0.43162393162393164,0
2022,19,NOR,6,1,1.3340000000000032,2.3474999999999966,0.20726495726495728,0
2022,19,ALO,14,2,1.5200000000000102,3.6084999999999923,0.1388888888888889,0
2022,19,VET,10,2,2.0420000000000016,3.0549999999999926,0.06837606837606838,0
2022,19,MAG,13,3,2.5930000000000035,3.2830000000000013,0.0405982905982906,0
2022,19,TSU,19,2,2.4520000000000124,3.6875,0.023504273504273504,0
2022,19,OCO,20,2,2.7120000000000033,3.405000000000001,0.16025641025641027,0
2022,19,ZHO,18,3,2.3000000000000114,2.8349999999999937,0.01282051282051282,0
2022,19,ALB,8,3,2.0120000000000005,3.671999999999997,0.008547008547008548,0
2022,19,GAS,11,2,2.2210000000000036,2.5919999999999987,0.049145299145299144,0
2022,19,MSC,16,3,2.7550000000000097,3.0690000000000026,0.02564102564102564,0
2022,19,RIC,15,1,2.690000000000012,0.28600000000000136,0.05555555555555555,0
2022,19,LAT,17,3,2.8880000000000052,4.474000000000004,0.004273504273504274,0
2022,19,STR,5,2,1.2420000000000044,2.542500000000004,0.027777777777777776,0
2022,19,BOT,7,3,1.963000000000008,0.0,0.09401709401709402,0
2022,19,SAI,1,1,0.0,1.5005000000000024,0.4081196581196581,0
2022,20,VER,1,1,0.0,0.9120000000000061,0.7591093117408907,1
2022,20,HAM,3,1,0.3089999999999975,0.46399999999999864,0.39878542510121456,1
2022,20,PER,4,1,0.35299999999999443,1.0829999999999984,0.5161943319838057,1
2022,20,RUS,2,1,0.30399999999998784,0.0,0.4311740890688259,0
2022,20,SAI,5,1,0.5759999999999934,1.0210000000000008,0.3866396761133603,0
2022,20,LEC,7,1,0.7800000000000011,,0.5121457489878543,0
2022,20,RIC,11,1,1.5499999999999972,1.8469999999999942,0.05263157894736842,0
2022,20,OCO,10,2,1.2349999999999994,0.6490000000000009,0.15182186234817813,0
2022,20,NOR,8,1,0.945999999999998,1.7120000000000033,0.2125506072874494,0
2022,20,BOT,6,3,0.6259999999999906,1.4950000000000045,0.08906882591093117,0
2022,20,GAS,14,2,1.8969999999999914,1.4334999999999951,0.0465587044534413,0
2022,20,ALB,17,3,3.083999999999989,1.8490000000000038,0.008097165991902834,0
2022,20,ZHO,12,3,1.7009999999999934,2.096500000000006,0.012145748987854251,0
2022,20,VET,16,2,2.6439999999999912,1.608000000000004,0.0728744939271255,0
2022,20,STR,20,2,2.7449999999999903,1.8970000000000056,0.02631578947368421,0
2022,20,MSC,15,3,2.6439999999999912,2.635000000000005,0.024291497975708502,0
2022,20,MAG,19,3,2.0579999999999927,2.5180000000000007,0.04251012145748988,0
2022,20,LAT,18,3,3.391999999999996,2.451499999999996,0.004048582995951417,0
2022,20,ALO,9,2,1.1639999999999873,1.7199999999999989,0.1437246963562753,0
2022,20,TSU,13,2,1.813999999999993,,0.024291497975708502,0
2022,21,RUS,1,1,0.4369999999999976,0.12000000000000455,0.4346153846153846,1
2022,21,HAM,2,1,0.6580000000000013,0.0,0.41346153846153844,1
2022,21,SAI,7,1,0.009000000000000341,0.39000000000000057,0.38653846153846155,1
2022,21,LEC,5,1,0.06900000000000261,0.47700000000000387,0.5019230769230769,0
2022,21,ALO,17,2,0.5130000000000052,0.570999999999998,0.13653846153846153,0
2022,21,VER,3,1,0.0,0.8019999999999925,0.7692307692307693,0
2022,21,PER,4,1,0.5750000000000028,0.6310000000000002,0.5192307692307693,0
2022,21,OCO,16,2,0.7060000000000031,2.274000000000001,0.1519230769230769,0
2022,21,BOT,14,3,4.605000000000004,1.5339999999999918,0.08653846153846154,0
2022,21,STR,15,2,1.3289999999999935,1.7480000000000047,0.025,0
2022,21,VET,9,2,0.796999999999997,1.1370000000000005,0.06923076923076923,0
2022,21,ZHO,13,3,4.3160000000000025,1.6439999999999912,0.011538461538461539,0
2022,21,MSC,12,3,5.480000000000004,1.641999999999996,0.023076923076923078,0
2022,21,GAS,10,2,0.7939999999999969,1.2999999999999972,0.04423076923076923,0
2022,21,ALB,19,3,0.75,1.605000000000004,0.007692307692307693,0
2022,21,LAT,18,3,4.213999999999999,3.2609999999999957,0.0038461538461538464,0
2022,21,TSU,20,2,5.382999999999996,2.004000000000005,0.023076923076923078,0
2022,21,NOR,6,1,0.4959999999999951,1.3340000000000032,0.20576923076923076,0
2022,21,MAG,8,3,0.5289999999999964,1.4920000000000044,0.04038461538461539,0
2022,21,RIC,11,1,1.2590000000000003,1.7579999999999956,0.06153846153846154,0
2022,22,VER,1,1,0.0,3.9980000000000047,0.7472527472527473,1
2022,22,LEC,3,1,0.2680000000000007,5.25,0.5,1
2022,22,PER,2,1,0.22800000000000864,4.893000000000001,0.5054945054945055,1
2022,22,SAI,4,1,0.41800000000000637,4.764499999999998,0.3956043956043956,0
2022,22,RUS,6,1,0.6869999999999976,4.222999999999999,0.46153846153846156,0
2022,22,NOR,7,1,0.9450000000000074,2.212999999999994,0.19597069597069597,0
2022,22,OCO,8,2,1.0060000000000002,0.0,0.152014652014652,0
2022,22,STR,14,2,1.5349999999999966,6.029499999999999,0.02564102564102564,0
2022,22,RIC,13,1,1.2210000000000036,,0.05860805860805861,0
2022,22,VET,9,2,1.1370000000000005,5.801000000000002,0.06593406593406594,0
2022,22,TSU,11,2,1.394999999999996,1.4909999999999997,0.02197802197802198,0
2022,22,ZHO,15,3,1.5840000000000032,3.3460000000000036,0.01098901098901099,0
2022,22,ALB,19,3,2.2040000000000077,5.602000000000004,0.007326007326007326,0
2022,22,GAS,17,2,2.0349999999999966,1.2459999999999951,0.04212454212454213,0
2022,22,BOT,18,3,2.067999999999998,1.198999999999998,0.08608058608058608,0
2022,22,MSC,12,3,1.4009999999999962,2.8049999999999926,0.02197802197802198,0
2022,22,MAG,16,3,2.010000000000005,6.593500000000006,0.038461538461538464,0
2022,22,HAM,5,1,0.6839999999999975,4.894499999999994,0.4267399267399267,0
2022,22,LAT,20,3,2.230000000000004,4.1769999999999925,0.003663003663003663,0
2022,22,ALO,10,2,1.2720000000000056,5.082499999999996,0.14835164835164835,0
2023,1,VER,1,1,0.0,4.207499999999996,0.0,1
2023,1,PER,2,1,0.13800000000000523,4.762999999999991,0.0,1
2023,1,ALO,5,2,0.6280000000000001,0.0,0.0,1
2023,1,SAI,4,1,0.44599999999999795,5.021999999999991,0.0,0
2023,1,HAM,7,1,0.6760000000000019,5.378,0.0,0
2023,1,STR,8,2,1.1280000000000001,5.552999999999997,0.0,0
2023,1,RUS,6,1,0.632000000000005,5.283999999999992,0.0,0
2023,1,BOT,12,3,1.7349999999999994,1.2269999999999897,0.0,0
2023,1,GAS,20,2,2.472999999999999,5.048999999999992,0.0,0
2023,1,ALB,15,3,1.7530000000000001,5.036000000000001,0.0,0
2023,1,TSU,14,2,1.6920000000000073,5.8999999999999915,0.0,0
2023,1,SAR,16,3,1.9440000000000026,5.908499999999989,0.0,0
2023,1,MAG,17,3,2.1839999999999975,7.384999999999991,0.0,0
2023,1,DEV,19,2,2.4129999999999967,1.8389999999999986,0.0,0
2023,1,HUL,10,3,1.100999999999999,5.569999999999993,0.0,0
2023,1,ZHO,13,3,1.7650000000000006,6.569999999999993,0.0,0
2023,1,NOR,11,1,1.6730000000000018,5.1370000000000005,0.0,0
2023,1,OCO,9,2,1.206000000000003,5.455999999999989,0.0,0
2023,1,LEC,3,1,0.2920000000000016,4.655999999999992,0.0,0
2023,1,PIA,18,1,2.3930000000000007,5.997,0.0,0
2023,2,PER,1,1,0.0,4.653499999999994,0.6923076923076923,1
2023,2,VER,15,1,0.4959999999999951,0.2849999999999966,0.9615384615384616,1
2023,2,ALO,2,2,0.4650000000000034,4.782499999999999,0.5769230769230769,1
2023,2,RUS,3,1,0.5919999999999987,4.963499999999996,0.23076923076923078,0
2023,2,HAM,7,1,0.9579999999999984,4.712999999999994,0.38461538461538464,0
2023,2,SAI,4,1,0.6659999999999968,4.697999999999993,0.46153846153846156,0
2023,2,LEC,12,1,0.15500000000000114,4.9435,0.0,0
2023,2,OCO,6,2,0.8130000000000024,0.0,0.0,0
2023,2,GAS,9,2,1.0919999999999987,4.923999999999992,0.07692307692307693,0
2023,2,MAG,13,3,1.3689999999999998,7.027000000000001,0.0,0
2023,2,TSU,16,2,1.6739999999999924,2.1129999999999995,0.0,0
2023,2,HUL,10,3,1.1859999999999928,1.6789999999999878,0.0,0
2023,2,ZHO,11,3,1.195999999999998,1.6389999999999958,0.0,0
2023,2,DEV,18,2,1.9789999999999992,5.461500000000001,0.0,0
2023,2,PIA,8,1,0.9779999999999944,3.372,0.0,0
2023,2,SAR,20,3,40.24499999999999,3.2749999999999915,0.0,0
2023,2,NOR,19,1,2.182000000000002,5.462999999999994,0.0,0
2023,2,BOT,14,3,1.4030000000000058,6.329999999999998,0.15384615384615385,0
2023,2,ALB,17,3,1.7289999999999992,0.4449999999999932,0.038461538461538464,0
2023,2,STR,5,2,0.6799999999999926,2.2069999999999936,0.3076923076923077,0
2023,3,VER,1,1,0.0,17.373999999999995,0.8461538461538461,1
2023,3,HAM,3,1,0.3719999999999999,4.9469999999999885,0.38461538461538464,1
2023,3,ALO,4,2,0.4069999999999965,,0.5769230769230769,1
2023,3,STR,6,2,0.5760000000000076,,0.15384615384615385,0
2023,3,PER,20,1,2.5,18.4585,0.8269230769230769,0
2023,3,NOR,13,1,1.3870000000000005,1.8930000000000007,0.0,0
2023,3,HUL,10,3,0.6800000000000068,12.84599999999999,0.0,0
2023,3,PIA,16,1,1.7849999999999966,12.994,0.0,0
2023,3,ZHO,17,3,1.808000000000007,1.961999999999989,0.0,0
2023,3,TSU,12,2,1.3670000000000044,2.684999999999988,0.0,0
2023,3,BOT,19,3,1.9819999999999993,1.6859999999999928,0.07692307692307693,0
2023,3,SAI,5,1,0.5379999999999967,13.934999999999988,0.38461538461538464,0
2023,3,GAS,9,2,0.8419999999999987,0.8419999999999987,0.07692307692307693,0
2023,3,OCO,11,2,1.0360000000000014,3.950499999999991,0.07692307692307693,0
2023,3,DEV,15,2,1.6029999999999944,3.8644999999999925,0.0,0
2023,3,SAR,18,3,1.8250000000000028,,0.0,0
2023,3,MAG,14,3,1.3970000000000056,13.75099999999999,0.019230769230769232,0
2023,3,RUS,2,1,0.2360000000000042,1.0210000000000008,0.34615384615384615,0
2023,3,ALB,8,3,0.8769999999999953,11.811999999999998,0.019230769230769232,0
2023,3,LEC,7,1,0.6370000000000005,0.0,0.11538461538461539,0
2023,4,PER,3,1,0.2920000000000016,,0.6923076923076923,1
2023,4,VER,2,1,0.1880000000000024,,0.8846153846153846,1
2023,4,LEC,1,1,0.0,,0.07692307692307693,1
2023,4,ALO,6,2,1.0499999999999972,,0.5769230769230769,0
2023,4,SAI,4,1,0.8130000000000024,,0.2564102564102564,0
2023,4,HAM,5,1,0.9740000000000038,,0.48717948717948717,0
2023,4,STR,9,2,1.3729999999999905,,0.2564102564102564,0
2023,4,RUS,11,1,1.4509999999999934,,0.23076923076923078,0
2023,4,NOR,7,1,1.078000000000003,,0.10256410256410256,0
2023,4,TSU,8,2,1.3659999999999997,,0.01282051282051282,0
2023,4,PIA,10,1,1.4080000000000013,,0.05128205128205128,0
2023,4,ALB,12,3,1.6149999999999949,,0.01282051282051282,0
2023,4,MAG,16,3,3.2139999999999986,,0.01282051282051282,0
2023,4,GAS,17,2,4.6499999999999915,,0.05128205128205128,0
2023,4,OCO,19,2,1.5949999999999989,,0.05128205128205128,0
2023,4,SAR,14,3,2.0390000000000015,,0.0,0
2023,4,HUL,20,3,2.5519999999999925,,0.07692307692307693,0
2023,4,BOT,13,3,2.0559999999999974,,0.05128205128205128,0
2023,4,ZHO,15,3,2.438999999999993,,0.02564102564102564,0
2023,4,DEV,18,2,15.078999999999994,,0.0,0
2023,5,VER,9,1,0.0,,0.8365384615384616,1
2023,5,PER,1,1,0.027000000000001023,28.0745,0.7596153846153846,1
2023,5,ALO,2,2,0.28300000000000125,0.0,0.5480769230769231,1
2023,5,RUS,6,1,0.929000000000002,9.786000000000001,0.22115384615384615,0
2023,5,SAI,3,1,0.3340000000000032,1.8940000000000055,0.28846153846153844,0
2023,5,HAM,13,1,1.0320000000000107,25.569500000000005,0.4423076923076923,0
2023,5,LEC,7,1,0.15000000000000568,2.361000000000004,0.20192307692307693,0
2023,5,GAS,5,2,0.7980000000000018,1.9969999999999999,0.038461538461538464,0
2023,5,OCO,8,2,0.6300000000000097,1.975999999999999,0.038461538461538464,0
2023,5,MAG,4,3,0.8590000000000089,18.460000000000008,0.009615384615384616,0
2023,5,TSU,17,2,1.615000000000009,3.722999999999999,0.019230769230769232,0
2023,5,STR,18,2,1.6620000000000061,37.57900000000001,0.25,0
2023,5,BOT,10,3,0.75,3.257000000000005,0.038461538461538464,0
2023,5,ALB,11,3,0.9810000000000088,2.4779999999999944,0.009615384615384616,0
2023,5,HUL,12,3,1.0890000000000128,3.4809999999999945,0.057692307692307696,0
2023,5,ZHO,14,3,1.277000000000001,14.489000000000004,0.019230769230769232,0
2023,5,NOR,16,1,1.5800000000000125,,0.09615384615384616,0
2023,5,DEV,15,2,1.51100000000001,14.138000000000005,0.0,0
2023,5,PIA,19,1,1.6700000000000017,5.174000000000007,0.038461538461538464,0
2023,5,SAR,20,3,1.7630000000000052,,0.0,0
2023,6,VER,1,1,0.0,1.0604999999999905,0.8692307692307693,1
2023,6,ALO,2,2,0.08400000000000318,0.625,0.5538461538461539,1
2023,6,OCO,3,2,0.1880000000000024,1.0390000000000015,0.046153846153846156,1
2023,6,HAM,5,1,0.35999999999999943,1.519999999999996,0.4153846153846154,0
2023,6,RUS,8,1,0.5990000000000038,2.0489999999999924,0.2692307692307692,0
2023,6,LEC,6,1,0.10600000000000875,1.796999999999997,0.2076923076923077,0
2023,6,GAS,7,2,0.568000000000012,0.703000000000003,0.06153846153846154,0
2023,6,SAI,4,1,0.26500000000000057,11.118499999999997,0.3076923076923077,0
2023,6,NOR,10,1,0.88900000000001,0.4369999999999976,0.07692307692307693,0
2023,6,PIA,11,1,1.0300000000000011,1.4699999999999989,0.03076923076923077,0
2023,6,BOT,15,3,1.2600000000000051,1.3799999999999955,0.03076923076923077,0
2023,6,DEV,12,2,1.0630000000000024,1.597999999999999,0.0,0
2023,6,ZHO,19,3,2.1580000000000013,1.4009999999999962,0.015384615384615385,0
2023,6,ALB,13,3,1.1620000000000061,0.0,0.007692307692307693,0
2023,6,TSU,9,2,0.7169999999999987,2.070999999999998,0.015384615384615385,0
2023,6,PER,20,1,2.4849999999999994,1.2849999999999966,0.7461538461538462,0
2023,6,HUL,18,3,1.9140000000000015,1.3229999999999933,0.046153846153846156,0
2023,6,SAR,16,3,1.7480000000000047,2.4904999999999973,0.0,0
2023,6,MAG,17,3,1.9050000000000011,0.508499999999998,0.015384615384615385,0
2023,6,STR,14,2,1.2580000000000098,1.0409999999999968,0.2,0
2023,7,VER,1,1,0.0,3.608000000000004,0.8846153846153846,1
2023,7,HAM,4,1,0.5459999999999923,4.582999999999998,0.42948717948717946,1
2023,7,RUS,12,1,1.0539999999999878,4.694000000000003,0.28846153846153844,1
2023,7,PER,11,1,1.0619999999999976,4.817000000000007,0.6217948717948718,0
2023,7,SAI,2,1,0.4619999999999891,4.132500000000007,0.28205128205128205,0
2023,7,STR,5,2,0.7219999999999942,0.2289999999999992,0.16666666666666666,0
2023,7,ALO,8,2,0.8259999999999934,0.0,0.5769230769230769,0
2023,7,OCO,6,2,0.7289999999999992,0.4549999999999983,0.1346153846153846,0
2023,7,ZHO,13,3,1.2489999999999952,1.7480000000000047,0.01282051282051282,0
2023,7,GAS,10,2,0.5439999999999969,1.4579999999999984,0.08974358974358974,0
2023,7,LEC,19,1,1.806999999999988,4.353499999999997,0.22435897435897437,0
2023,7,TSU,15,2,1.5899999999999892,1.2339999999999947,0.01282051282051282,0
2023,7,PIA,9,1,0.7869999999999919,5.043000000000006,0.03205128205128205,0
2023,7,DEV,14,2,1.3089999999999975,1.9710000000000036,0.0,0
2023,7,HUL,7,3,0.9569999999999936,0.8810000000000002,0.038461538461538464,0
2023,7,ALB,18,3,1.7909999999999968,5.061999999999998,0.00641025641025641,0
2023,7,NOR,3,1,0.5039999999999907,0.7459999999999951,0.07692307692307693,0
2023,7,MAG,17,3,1.769999999999996,5.224000000000004,0.01282051282051282,0
2023,7,BOT,16,3,1.7049999999999983,0.9939999999999998,0.02564102564102564,0
2023,7,SAR,20,3,2.4269999999999925,4.945000000000007,0.0,0
2023,8,VER,1,1,0.36700000000000443,3.1450000000000102,0.9010989010989011,1
2023,8,ALO,2,2,1.051000000000002,2.497,0.5274725274725275,1
2023,8,HAM,3,1,1.7010000000000076,3.9695000000000107,0.46703296703296704,1
2023,8,LEC,10,1,1.8900000000000006,0.0,0.19230769230769232,0
2023,8,SAI,11,1,1.1310000000000002,3.048000000000002,0.2967032967032967,0
2023,8,PER,12,1,2.234000000000009,2.1910000000000025,0.5989010989010989,0
2023,8,ALB,9,3,0.0,3.167500000000004,0.005494505494505495,0
2023,8,OCO,6,2,1.6810000000000116,3.8645000000000067,0.13736263736263737,0
2023,8,STR,16,2,2.7590000000000003,21.449000000000012,0.18681318681318682,0
2023,8,BOT,14,3,3.0960000000000036,2.5260000000000105,0.02197802197802198,0
2023,8,PIA,8,1,0.9340000000000117,3.196000000000012,0.027472527472527472,0
2023,8,GAS,15,2,4.161000000000001,3.117500000000007,0.08241758241758242,0
2023,8,NOR,7,1,0.6219999999999999,2.2409999999999997,0.06593406593406594,0
2023,8,TSU,19,2,4.021000000000001,2.751500000000007,0.01098901098901099,0
2023,8,HUL,5,3,1.5800000000000125,6.631,0.03296703296703297,0
2023,8,ZHO,20,3,4.617000000000004,1.7760000000000105,0.02197802197802198,0
2023,8,MAG,13,3,2.953000000000003,2.752500000000012,0.01098901098901099,0
2023,8,DEV,17,2,4.412000000000006,2.027000000000001,0.0,0
2023,8,RUS,4,1,1.3730000000000047,4.1270000000000095,0.32967032967032966,0
2023,8,SAR,18,3,4.612000000000009,4.763500000000008,0.0,0
2023,9,VER,1,1,0.0,,0.9086538461538461,1
2023,9,LEC,2,1,0.04799999999998761,,0.22596153846153846,1
2023,9,PER,15,1,0.7860000000000014,,0.5673076923076923,1
2023,9,NOR,4,1,0.2669999999999959,,0.057692307692307696,0
2023,9,ALO,7,2,0.519999999999996,,0.5480769230769231,0
2023,9,SAI,3,1,0.18999999999999773,,0.3076923076923077,0
2023,9,RUS,11,1,1.036999999999992,,0.28846153846153844,0
2023,9,HAM,5,1,0.42799999999999727,,0.4807692307692308,0
2023,9,STR,6,2,0.5019999999999953,,0.17307692307692307,0
2023,9,GAS,9,2,0.7789999999999964,,0.07211538461538461,0
2023,9,ALB,10,3,0.9959999999999951,,0.03365384615384615,0
2023,9,ZHO,17,3,1.4269999999999925,,0.019230769230769232,0
2023,9,SAR,18,3,1.556999999999988,,0.0,0
2023,9,OCO,12,2,1.0619999999999976,,0.13942307692307693,0
2023,9,BOT,14,3,1.2890000000000015,,0.02403846153846154,0
2023,9,PIA,13,1,1.2139999999999986,,0.02403846153846154,0
2023,9,DEV,20,2,1.5829999999999984,,0.0,0
2023,9,MAG,19,3,1.5799999999999983,,0.009615384615384616,0
2023,9,TSU,16,2,1.3930000000000007,,0.009615384615384616,0
2023,9,HUL,8,3,0.6989999999999981,,0.028846153846153848,0
2023,10,VER,1,1,0.0,3.4869999999999948,0.9188034188034188,1
2023,10,NOR,2,1,0.24099999999999966,0.8760000000000048,0.10256410256410256,1
2023,10,HAM,7,1,0.49099999999999966,4.079999999999998,0.4444444444444444,1
2023,10,PIA,3,1,0.3719999999999999,0.060000000000002274,0.021367521367521368,0
2023,10,RUS,6,1,0.4350000000000023,3.8089999999999975,0.28205128205128205,0
2023,10,PER,15,1,3.2480000000000047,3.103999999999999,0.5683760683760684,0
2023,10,ALO,9,2,0.9390000000000072,4.430000000000007,0.5299145299145299,0
2023,10,ALB,8,3,0.8100000000000023,4.472999999999999,0.029914529914529916,0
2023,10,LEC,4,1,0.4159999999999968,,0.2777777777777778,0
2023,10,SAI,5,1,0.42799999999999727,3.8460000000000036,0.3076923076923077,0
2023,10,SAR,14,3,2.311000000000007,1.3799999999999955,0.0,0
2023,10,BOT,20,3,3.078000000000003,0.0,0.021367521367521368,0
2023,10,HUL,11,3,2.176000000000002,5.105000000000004,0.02564102564102564,0
2023,10,STR,12,2,2.2150000000000034,1.269999999999996,0.1623931623931624,0
2023,10,ZHO,17,3,3.403000000000006,5.361000000000004,0.017094017094017096,0
2023,10,TSU,16,2,3.305000000000007,4.747,0.008547008547008548,0
2023,10,DEV,18,2,3.7930000000000064,4.679500000000004,0.0,0
2023,10,GAS,10,2,0.9689999999999941,0.5499999999999972,0.06837606837606838,0
2023,10,MAG,19,3,5.658000000000001,5.179500000000004,0.008547008547008548,0
2023,10,OCO,13,2,2.236000000000004,4.603999999999999,0.12393162393162394,0
2023,11,VER,2,1,0.0030000000000001137,2.5955000000000013,0.926923076923077,1
2023,11,NOR,3,1,0.08500000000000796,3.221499999999992,0.16153846153846155,1
2023,11,PER,9,1,0.43600000000000705,,0.5423076923076923,1
2023,11,HAM,1,1,0.0,3.495999999999995,0.4576923076923077,0
2023,11,PIA,4,1,0.2960000000000065,2.955999999999989,0.06538461538461539,0
2023,11,RUS,18,1,2.4180000000000064,3.0589999999999975,0.2923076923076923,0
2023,11,LEC,6,1,0.3830000000000098,3.1469999999999914,0.25769230769230766,0
2023,11,SAI,11,1,1.0940000000000083,3.258499999999998,0.28076923076923077,0
2023,11,ALO,8,2,0.42600000000000193,3.019999999999996,0.5,0
2023,11,STR,14,2,1.5350000000000108,0.7069999999999936,0.14615384615384616,0
2023,11,ALB,16,3,2.308000000000007,3.3810000000000002,0.04230769230769231,0
2023,11,BOT,7,3,0.42500000000001137,2.4989999999999952,0.019230769230769232,0
2023,11,RIC,13,2,1.3930000000000007,3.17649999999999,0.0,0
2023,11,HUL,10,3,0.5770000000000124,4.038499999999999,0.023076923076923078,0
2023,11,TSU,17,2,2.3100000000000023,3.112499999999997,0.007692307692307693,0
2023,11,ZHO,5,3,0.362000000000009,0.0,0.015384615384615385,0
2023,11,MAG,19,3,2.5970000000000084,4.020499999999998,0.007692307692307693,0
2023,11,SAR,20,3,2.63900000000001,3.8079999999999927,0.0,0
2023,11,OCO,12,2,1.2319999999999993,3.2759999999999962,0.11153846153846154,0
2023,11,GAS,15,2,1.608000000000004,2.992999999999995,0.06153846153846154,0
2023,12,VER,6,1,0.0,,0.9335664335664335,1
2023,12,PER,2,1,0.8769999999999953,,0.5454545454545454,1
2023,12,LEC,1,1,0.8199999999999932,,0.25524475524475526,1
2023,12,HAM,3,1,0.9189999999999969,,0.458041958041958,0
2023,12,ALO,9,2,1.6749999999999972,,0.46153846153846156,0
2023,12,RUS,8,1,1.6370000000000005,,0.2937062937062937,0
2023,12,NOR,7,1,1.5009999999999906,,0.2097902097902098,0
2023,12,OCO,14,2,10.203999999999994,,0.10139860139860139,0
2023,12,STR,10,2,2.6729999999999876,,0.13636363636363635,0
2023,12,TSU,11,2,6.97999999999999,,0.006993006993006993,0
2023,12,GAS,12,2,7.503,,0.055944055944055944,0
2023,12,BOT,13,3,8.525999999999996,,0.017482517482517484,0
2023,12,ZHO,17,3,14.663999999999987,,0.013986013986013986,0
2023,12,ALB,15,3,14.145999999999987,,0.038461538461538464,0
2023,12,MAG,16,3,7.99199999999999,,0.006993006993006993,0
2023,12,RIC,19,2,15.991,,0.0,0
2023,12,SAR,18,3,15.36699999999999,,0.0,0
2023,12,HUL,20,3,16.99799999999999,,0.02097902097902098,0
2023,12,SAI,4,1,0.9839999999999947,,0.2692307692307692,0
2023,12,PIA,5,1,1.1969999999999885,,0.0944055944055944,0
2023,13,VER,1,1,0.0,1.954499999999996,0.9358974358974359,1
2023,13,ALO,5,2,0.9390000000000072,2.254000000000005,0.4551282051282051,1
2023,13,GAS,12,2,9.561000000000007,2.391999999999996,0.05128205128205128,1
2023,13,PER,7,1,1.3130000000000024,2.1140000000000043,0.5576923076923077,0
2023,13,SAI,6,1,1.1870000000000118,2.4920000000000044,0.2467948717948718,0
2023,13,HAM,13,1,9.584000000000003,2.266999999999996,0.46153846153846156,0
2023,13,NOR,2,1,0.5370000000000061,2.108000000000004,0.21153846153846154,0
2023,13,ALB,4,3,0.8520000000000039,2.620999999999995,0.035256410256410256,0
2023,13,PIA,8,1,1.3710000000000093,,0.08653846153846154,0
2023,13,OCO,16,2,11.543000000000006,2.3049999999999926,0.10576923076923077,0
2023,13,STR,11,2,9.554000000000002,0.0,0.13141025641025642,0
2023,13,HUL,14,3,9.683000000000007,1.152000000000001,0.019230769230769232,0
2023,13,LAW,19,2,12.853000000000009,,0.0,0
2023,13,BOT,18,3,11.693000000000012,3.0870000000000033,0.016025641025641024,0
2023,13,TSU,17,2,9.663000000000011,2.847999999999999,0.009615384615384616,0
2023,13,MAG,20,3,11.625,3.6779999999999973,0.00641025641025641,0
2023,13,RUS,3,1,0.7270000000000039,2.423000000000002,0.2948717948717949,0
2023,13,ZHO,15,3,11.5,3.4329999999999927,0.01282051282051282,0
2023,13,LEC,9,1,2.098000000000013,2.558499999999995,0.28205128205128205,0
2023,13,SAR,10,3,6.181000000000012,2.045500000000004,0.0,0
2023,14,VER,2,1,0.01300000000000523,,0.9378698224852071,1
2023,14,PER,5,1,0.39400000000000546,,0.5502958579881657,1
2023,14,SAI,1,1,0.0,,0.257396449704142,1
2023,14,LEC,3,1,0.06700000000000728,,0.2603550295857988,0
2023,14,RUS,4,1,0.37700000000000955,21.001999999999995,0.27218934911242604,0
2023,14,HAM,8,1,0.5259999999999962,2.8730000000000047,0.44970414201183434,0
2023,14,ALB,6,3,0.4660000000000082,,0.04437869822485207,0
2023,14,NOR,9,1,0.6850000000000023,,0.21301775147928995,0
2023,14,ALO,10,2,1.1230000000000047,,0.47633136094674555,0
2023,14,BOT,14,3,1.6460000000000008,,0.014792899408284023,0
2023,14,LAW,12,2,1.4639999999999986,,0.0,0
2023,14,PIA,7,1,0.49099999999999966,0.0,0.08579881656804733,0
2023,14,SAR,15,3,1.63600000000001,,0.0,0
2023,14,ZHO,16,3,2.0960000000000036,,0.011834319526627219,0
2023,14,GAS,17,2,2.2510000000000048,16.498499999999993,0.09171597633136094,0
2023,14,STR,20,2,2.5660000000000025,,0.12130177514792899,0
2023,14,HUL,13,3,1.4819999999999993,,0.01775147928994083,0
2023,14,MAG,19,3,2.298000000000002,,0.005917159763313609,0
2023,14,OCO,18,2,2.254000000000005,,0.10059171597633136,0
2023,14,TSU,11,2,1.2999999999999972,,0.008875739644970414,0
2023,15,SAI,1,1,0.0,2.977000000000004,0.2802197802197802,1
2023,15,NOR,4,1,0.28600000000000136,2.4340000000000117,0.2087912087912088,1
2023,15,HAM,5,1,0.5010000000000048,2.7835000000000036,0.43956043956043955,1
2023,15,LEC,3,1,0.07900000000000773,3.333500000000001,0.27472527472527475,0
2023,15,VER,11,1,1.1890000000000072,3.0520000000000067,0.9395604395604396,0
2023,15,GAS,12,2,1.2900000000000063,3.538000000000011,0.08516483516483517,0
2023,15,PIA,17,1,1.9180000000000064,4.621000000000009,0.07967032967032966,0
2023,15,PER,13,1,1.115000000000009,2.662000000000006,0.5604395604395604,0
2023,15,LAW,10,2,1.1820000000000022,3.5870000000000033,0.0,0
2023,15,MAG,6,3,0.5910000000000082,4.683500000000009,0.005494505494505495,0
2023,15,ALB,14,3,1.6840000000000117,,0.057692307692307696,0
2023,15,ZHO,19,3,2.274000000000001,4.199000000000012,0.01098901098901099,0
2023,15,HUL,9,3,0.8240000000000123,4.326000000000008,0.016483516483516484,0
2023,15,SAR,18,3,2.2680000000000007,4.711000000000013,0.0,0
2023,15,ALO,7,2,0.6310000000000002,2.649000000000001,0.4478021978021978,0
2023,15,RUS,2,1,0.07200000000000273,3.003,0.2802197802197802,0
2023,15,BOT,16,3,1.8250000000000028,0.3860000000000099,0.016483516483516484,0
2023,15,OCO,8,2,0.6890000000000072,3.896000000000001,0.09340659340659341,0
2023,15,TSU,15,2,1.007000000000005,0.0,0.008241758241758242,0
2023,15,STR,20,2,2.413000000000011,3.219999999999999,0.11263736263736264,0
2023,16,VER,1,1,0.0,3.2394999999999925,0.9025641025641026,1
2023,16,NOR,3,1,0.6159999999999997,4.054999999999993,0.24102564102564103,1
2023,16,PIA,2,1,0.5810000000000031,4.109499999999997,0.08974358974358974,1
2023,16,LEC,4,1,0.6650000000000063,3.8959999999999866,0.28717948717948716,0
2023,16,HAM,7,1,1.031000000000006,4.293999999999997,0.4512820512820513,0
2023,16,SAI,6,1,0.972999999999999,4.652999999999992,0.32564102564102565,0
2023,16,RUS,8,1,1.3419999999999987,4.418999999999997,0.26153846153846155,0
2023,16,ALO,10,2,1.588000000000008,4.253,0.41794871794871796,0
2023,16,OCO,14,2,1.7090000000000032,4.9339999999999975,0.08717948717948718,0
2023,16,GAS,12,2,1.632000000000005,4.638999999999996,0.1,0
2023,16,LAW,11,2,1.5480000000000018,4.287999999999997,0.005128205128205128,0
2023,16,TSU,9,2,1.3269999999999982,4.555999999999997,0.007692307692307693,0
2023,16,ZHO,19,3,2.521000000000001,0.0,0.010256410256410256,0
2023,16,HUL,18,3,2.4220000000000113,4.788999999999987,0.015384615384615385,0
2023,16,MAG,15,3,1.788000000000011,5.217999999999989,0.007692307692307693,0
2023,16,ALB,13,3,1.6600000000000108,4.811999999999998,0.05384615384615385,0
2023,16,SAR,20,3,2.5,4.7819999999999965,0.0,0
2023,16,STR,17,2,2.304000000000002,,0.10512820512820513,0
2023,16,PER,5,1,0.7730000000000103,4.077999999999989,0.5333333333333333,0
2023,16,BOT,16,3,2.1720000000000113,4.436499999999995,0.015384615384615385,0
2023,17,VER,1,1,0.0,,0.9086538461538461,1
2023,17,PIA,6,1,0.7620000000000005,,0.1201923076923077,1
2023,17,NOR,10,1,0.9069999999999965,,0.2692307692307692,1
2023,17,RUS,2,1,0.4409999999999883,,0.25961538461538464,0
2023,17,LEC,5,1,0.6460000000000008,,0.2980769230769231,0
2023,17,ALO,4,2,0.590999999999994,,0.4014423076923077,0
2023,17,OCO,8,2,0.9849999999999994,,0.08653846153846154,0
2023,17,BOT,9,3,1.2800000000000011,,0.014423076923076924,0
2023,17,ZHO,19,3,3.6539999999999964,,0.009615384615384616,0
2023,17,PER,20,1,1.6839999999999975,,0.5,0
2023,17,STR,16,2,2.566999999999993,,0.0985576923076923,0
2023,17,GAS,7,2,0.7749999999999915,,0.09615384615384616,0
2023,17,ALB,13,3,1.9289999999999878,,0.05048076923076923,0
2023,17,MAG,18,3,3.2680000000000007,,0.007211538461538462,0
2023,17,TSU,11,2,1.5229999999999961,,0.007211538461538462,0
2023,17,HUL,14,3,2.0049999999999955,,0.014423076923076924,0
2023,17,LAW,17,2,2.8569999999999993,,0.004807692307692308,0
2023,17,SAR,15,3,2.431999999999988,,0.0,0
2023,17,HAM,3,1,0.527000000000001,,0.44711538461538464,0
2023,17,SAI,12,1,1.5499999999999972,,0.3245192307692308,0
2023,18,VER,6,1,0.2849999999999966,,0.9140271493212669,1
2023,18,NOR,2,1,0.12999999999999545,,0.2873303167420814,1
2023,18,SAI,4,1,0.2219999999999942,,0.3054298642533937,1
2023,18,PER,9,1,0.45000000000000284,,0.47285067873303166,0
2023,18,RUS,5,1,0.35599999999999454,,0.27149321266968324,0
2023,18,GAS,7,2,0.36599999999999966,,0.09049773755656108,0
2023,18,STR,20,2,1.8659999999999997,,0.09276018099547512,0
2023,18,TSU,11,2,0.9740000000000038,,0.006787330316742082,0
2023,18,ALB,15,3,1.5919999999999987,,0.04751131221719457,0
2023,18,SAR,16,3,2.103999999999999,,0.0,0
2023,18,HUL,18,3,1.5120000000000005,,0.013574660633484163,0
2023,18,BOT,13,3,1.1350000000000051,,0.02262443438914027,0
2023,18,ZHO,12,3,0.9749999999999943,,0.013574660633484163,0
2023,18,MAG,17,3,1.1569999999999965,,0.006787330316742082,0
2023,18,RIC,14,2,1.2510000000000048,,0.0,0
2023,18,ALO,19,2,1.5450000000000017,,0.39592760180995473,0
2023,18,PIA,10,1,0.7439999999999998,,0.15384615384615385,0
2023,18,OCO,8,2,0.4309999999999974,,0.09502262443438914,0
2023,18,HAM,3,1,0.1389999999999958,,0.42081447963800905,0
2023,18,LEC,1,1,0.0,,0.3031674208144796,0
2023,19,VER,3,1,0.09700000000000841,3.055000000000007,0.9166666666666666,1
2023,19,HAM,6,1,0.2879999999999967,3.3414999999999964,0.3974358974358974,1
2023,19,LEC,1,1,0.0,0.49099999999999966,0.2863247863247863,1
2023,19,SAI,2,1,0.06700000000000728,0.909000000000006,0.32051282051282054,0
2023,19,NOR,17,1,4.388000000000005,1.2999999999999972,0.30982905982905984,0
2023,19,RUS,8,1,0.507000000000005,1.323999999999998,0.2777777777777778,0
2023,19,RIC,4,2,0.21600000000000819,3.716000000000008,0.0,0
2023,19,PIA,7,1,0.45700000000000784,1.046999999999997,0.1452991452991453,0
2023,19,ALB,14,3,1.6620000000000061,2.9440000000000026,0.049145299145299144,0
2023,19,OCO,15,2,1.9140000000000015,3.478999999999999,0.08974358974358974,0
2023,19,GAS,11,2,1.355000000000004,3.8855000000000075,0.10256410256410256,0
2023,19,TSU,18,2,1.7240000000000038,4.115000000000009,0.017094017094017096,0
2023,19,HUL,12,3,1.358000000000004,4.0460000000000065,0.01282051282051282,0
2023,19,ZHO,10,3,0.8840000000000003,3.905000000000001,0.01282051282051282,0
2023,19,BOT,9,3,0.8500000000000085,0.0,0.021367521367521368,0
2023,19,SAR,19,3,2.5,3.7590000000000003,0.002136752136752137,0
2023,19,STR,20,2,2.061000000000007,0.47400000000000375,0.10042735042735043,0
2023,19,ALO,13,2,1.5720000000000027,4.385000000000005,0.37393162393162394,0
2023,19,MAG,16,3,1.9969999999999999,4.251000000000005,0.00641025641025641,0
2023,19,PER,5,1,0.257000000000005,2.9540000000000077,0.4722222222222222,0
2023,20,VER,1,1,0.14100000000000534,,0.9190283400809717,1
2023,20,NOR,6,1,0.0,,0.31376518218623484,1
2023,20,ALO,4,2,0.21599999999999397,,0.354251012145749,1
2023,20,PER,9,1,0.1979999999999933,,0.4473684210526316,0
2023,20,STR,3,2,0.3539999999999992,,0.0951417004048583,0
2023,20,SAI,7,1,0.2330000000000041,,0.32793522267206476,0
2023,20,GAS,15,2,0.5459999999999923,,0.09716599190283401,0
2023,20,HAM,5,1,0.24500000000000455,,0.4149797570850202,0
2023,20,TSU,16,2,0.8160000000000025,,0.016194331983805668,0
2023,20,OCO,14,2,0.5409999999999968,,0.08704453441295547,0
2023,20,SAR,19,3,1.0139999999999958,,0.0020242914979757085,0
2023,20,HUL,11,3,0.4539999999999935,,0.012145748987854251,0
2023,20,RIC,17,2,0.8220000000000027,,0.012145748987854251,0
2023,20,PIA,10,1,0.3089999999999975,,0.145748987854251,0
2023,20,RUS,8,1,0.2950000000000017,,0.2793522267206478,0
2023,20,BOT,18,3,0.9339999999999975,,0.020242914979757085,0
2023,20,ZHO,20,3,1.2540000000000049,,0.012145748987854251,0
2023,20,MAG,12,3,0.5810000000000031,,0.006072874493927126,0
2023,20,ALB,13,3,0.5999999999999943,,0.05060728744939271,0
2023,20,LEC,2,1,0.2819999999999965,,0.3016194331983806,0
2023,21,VER,2,1,0.3780000000000001,2.069500000000005,0.9211538461538461,1
2023,21,LEC,1,1,0.0,2.389499999999998,0.2865384615384615,1
2023,21,PER,11,1,1.1290000000000049,3.510000000000005,0.4480769230769231,1
2023,21,OCO,16,2,2.108000000000004,3.593999999999994,0.08461538461538462,0
2023,21,STR,19,2,1.472999999999999,0.7009999999999934,0.10961538461538461,0
2023,21,SAI,12,1,0.04399999999999693,2.7319999999999993,0.3269230769230769,0
2023,21,HAM,10,1,1.1110000000000042,3.0944999999999965,0.40192307692307694,0
2023,21,RUS,3,1,0.3859999999999957,1.3400000000000034,0.2653846153846154,0
2023,21,ALO,9,2,0.8290000000000077,0.0,0.36538461538461536,0
2023,21,PIA,18,1,2.1239999999999952,3.472999999999999,0.13846153846153847,0
2023,21,GAS,4,2,0.5130000000000052,3.9200000000000017,0.10384615384615385,0
2023,21,ALB,5,3,0.5969999999999942,3.6624999999999943,0.04807692307692308,0
2023,21,MAG,8,3,0.811000000000007,4.463999999999999,0.0057692307692307696,0
2023,21,RIC,14,2,1.5820000000000078,2.9269999999999925,0.011538461538461539,0
2023,21,ZHO,17,3,2.1230000000000047,4.820999999999998,0.011538461538461539,0
2023,21,SAR,6,3,0.7870000000000061,1.7039999999999935,0.0019230769230769232,0
2023,21,BOT,7,3,0.7990000000000066,1.9710000000000036,0.019230769230769232,0
2023,21,TSU,20,2,3.7210000000000036,3.1599999999999966,0.019230769230769232,0
2023,21,HUL,13,3,1.2530000000000001,4.248999999999995,0.011538461538461539,0
2023,21,NOR,15,1,1.9770000000000039,4.747,0.3346153846153846,0
2023,22,VER,1,1,0.0,,0.9230769230769231,1
2023,22,LEC,2,1,0.13900000000001,0.6364999999999981,0.3058608058608059,1
2023,22,RUS,4,1,0.3430000000000035,0.4385000000000048,0.2600732600732601,1
2023,22,PER,9,1,0.6710000000000065,,0.4542124542124542,0
2023,22,NOR,5,1,0.3710000000000093,0.7644999999999982,0.31868131868131866,0
2023,22,PIA,3,1,0.3370000000000033,0.0,0.13553113553113552,0
2023,22,ALO,7,2,0.63900000000001,11.371499999999997,0.3516483516483517,0
2023,22,TSU,6,2,0.5230000000000103,0.3924999999999983,0.018315018315018316,0
2023,22,HAM,11,1,0.9140000000000015,,0.39377289377289376,0
2023,22,STR,13,2,0.960000000000008,7.746000000000009,0.1227106227106227,0
2023,22,RIC,15,2,0.9969999999999999,0.2805000000000035,0.01098901098901099,0
2023,22,OCO,12,2,0.9460000000000122,18.560500000000005,0.10256410256410256,0
2023,22,GAS,10,2,0.6330000000000098,,0.0989010989010989,0
2023,22,ALB,14,3,0.8530000000000086,0.375,0.045787545787545784,0
2023,22,HUL,8,3,0.6630000000000109,,0.01098901098901099,0
2023,22,SAR,20,3,2.5,2.828000000000003,0.0018315018315018315,0
2023,22,ZHO,19,3,1.7140000000000128,38.953500000000005,0.01098901098901099,0
2023,22,SAI,16,1,1.2930000000000064,,0.326007326007326,0
2023,22,BOT,18,3,1.3430000000000035,1.299500000000009,0.018315018315018316,0
2023,22,MAG,17,3,1.3190000000000026,4.109000000000009,0.005494505494505495,0
2024,1,VER,1,1,0.013999999999995794,0.0,0.0,1
2024,1,PER,5,1,0.3719999999999999,0.39000000000000057,0.0,1
2024,1,SAI,4,1,0.34199999999999875,0.6465000000000032,0.0,1
2024,1,LEC,2,1,0.0,0.5580000000000069,0.0,0
2024,1,RUS,3,1,0.3199999999999932,0.18300000000000693,0.0,0
2024,1,NOR,7,1,0.44899999999999807,0.3059999999999974,0.0,0
2024,1,HAM,9,1,0.5449999999999875,0.6995000000000005,0.0,0
2024,1,PIA,8,1,0.5180000000000007,0.23900000000000432,0.0,0
2024,1,ALO,6,2,0.37699999999999534,0.6670000000000016,0.0,0
2024,1,STR,12,2,0.7999999999999972,1.089500000000001,0.0,0
2024,1,ZHO,17,3,1.5919999999999987,1.9159999999999968,0.0,0
2024,1,MAG,15,3,1.36399999999999,1.4480000000000075,0.0,0
2024,1,RIC,14,2,1.1129999999999995,1.1880000000000024,0.0,0
2024,1,TSU,11,2,0.9639999999999986,1.777000000000001,0.0,0
2024,1,ALB,13,3,1.0559999999999974,1.3059999999999974,0.0,0
2024,1,HUL,10,3,0.6859999999999928,1.230000000000004,0.0,0
2024,1,OCO,19,2,1.6280000000000001,1.4849999999999994,0.0,0
2024,1,GAS,20,2,1.782999999999987,1.3744999999999976,0.0,0
2024,1,BOT,16,3,1.590999999999994,0.8529999999999944,0.0,0
2024,1,SAR,18,3,1.6049999999999898,0.40800000000000125,0.0,0
2024,2,VER,1,1,0.0,3.299999999999997,1.0,1
2024,2,PER,3,1,0.33500000000000796,3.7039999999999935,0.6923076923076923,1
2024,2,LEC,2,1,0.3190000000000026,3.7475000000000023,0.46153846153846156,1
2024,2,PIA,5,1,0.6170000000000044,4.406000000000006,0.15384615384615385,0
2024,2,ALO,4,2,0.37400000000000944,0.0,0.07692307692307693,0
2024,2,RUS,7,1,0.8440000000000083,,0.38461538461538464,0
2024,2,BEA,11,1,1.1700000000000017,,0.0,0
2024,2,NOR,6,1,0.6600000000000108,4.087999999999994,0.3076923076923077,0
2024,2,HAM,8,1,0.9879999999999995,,0.23076923076923078,0
2024,2,HUL,15,3,1.5830000000000126,4.692000000000007,0.0,0
2024,2,ALB,12,3,1.5080000000000098,2.817999999999998,0.0,0
2024,2,MAG,13,3,1.5480000000000018,4.6484999999999985,0.0,0
2024,2,OCO,17,2,2.003,1.058000000000007,0.0,0
2024,2,SAR,19,3,2.054000000000002,4.927999999999997,0.0,0
2024,2,TSU,9,2,1.0750000000000028,0.37000000000000455,0.0,0
2024,2,RIC,14,2,1.5530000000000115,4.677999999999997,0.0,0
2024,2,BOT,16,3,1.7070000000000078,5.715999999999994,0.0,0
2024,2,ZHO,20,3,2.5,1.105000000000004,0.0,0
2024,2,STR,10,2,0.7780000000000058,0.25499999999999545,0.038461538461538464,0
2024,2,GAS,18,2,2.007000000000005,4.576999999999998,0.0,0
2024,3,SAI,2,1,0.269999999999996,0.48799999999999955,0.28846153846153844,1
2024,3,LEC,4,1,0.3889999999999958,3.8760000000000048,0.5384615384615384,1
2024,3,NOR,3,1,0.3999999999999915,4.108000000000004,0.23076923076923078,1
2024,3,PIA,5,1,0.6569999999999965,3.8079999999999927,0.3076923076923077,0
2024,3,PER,6,1,0.35899999999999466,4.517499999999998,0.6923076923076923,0
2024,3,STR,9,2,0.8649999999999949,0.0,0.019230769230769232,0
2024,3,TSU,8,2,0.8729999999999905,4.885499999999993,0.0,0
2024,3,ALO,10,2,0.7949999999999875,5.081999999999994,0.23076923076923078,0
2024,3,HUL,16,3,2.060999999999993,5.1839999999999975,0.019230769230769232,0
2024,3,MAG,14,3,1.5120000000000005,5.254499999999993,0.0,0
2024,3,ALB,12,3,1.2149999999999892,,0.0,0
2024,3,RIC,18,2,2.1699999999999875,4.9140000000000015,0.0,0
2024,3,GAS,17,2,2.066999999999993,0.25199999999999534,0.0,0
2024,3,BOT,13,3,1.4249999999999972,2.046999999999997,0.0,0
2024,3,ZHO,19,3,2.272999999999996,1.9150000000000063,0.0,0
2024,3,OCO,15,2,1.7019999999999982,1.5300000000000011,0.0,0
2024,3,RUS,7,1,0.8089999999999975,0.3610000000000042,0.34615384615384615,0
2024,3,HAM,11,1,1.0449999999999875,11.953000000000003,0.15384615384615385,0
2024,3,VER,1,1,0.0,4.807000000000002,0.9807692307692307,0
2024,4,VER,1,1,0.0,,0.6538461538461539,1
2024,4,PER,2,1,0.0660000000000025,,0.5897435897435898,1
2024,4,SAI,4,1,0.48499999999999943,,0.5128205128205128,1
2024,4,LEC,8,1,0.5889999999999986,,0.6025641025641025,0
2024,4,NOR,3,1,0.2920000000000016,,0.34615384615384615,0
2024,4,ALO,5,2,0.4890000000000043,,0.20512820512820512,0
2024,4,RUS,9,1,0.8109999999999928,,0.23076923076923078,0
2024,4,PIA,6,1,0.5630000000000024,,0.358974358974359,0
2024,4,HAM,7,1,0.5690000000000026,,0.10256410256410256,0
2024,4,TSU,10,2,1.215999999999994,,0.07692307692307693,0
2024,4,HUL,12,3,1.296999999999997,,0.038461538461538464,0
2024,4,STR,16,2,1.8269999999999982,,0.11538461538461539,0
2024,4,MAG,18,3,1.9339999999999975,,0.01282051282051282,0
2024,4,BOT,13,3,1.3960000000000008,,0.0,0
2024,4,OCO,15,2,1.6140000000000043,,0.0,0
2024,4,GAS,17,2,1.921999999999997,,0.0,0
2024,4,SAR,19,3,1.941999999999993,,0.0,0
2024,4,ZHO,20,3,1.945999999999998,,0.0,0
2024,4,RIC,11,2,1.2749999999999915,,0.0,0
2024,4,ALB,14,3,1.516999999999996,,0.0,0
2024,5,VER,1,1,0.0,0.0,0.7403846153846154,1
2024,5,NOR,4,1,0.5050000000000097,1.0125000000000028,0.3557692307692308,1
2024,5,PER,2,1,0.32200000000000273,0.6880000000000024,0.6153846153846154,1
2024,5,LEC,6,1,0.6290000000000049,0.7974999999999994,0.5673076923076923,0
2024,5,SAI,7,1,0.6370000000000005,1.143500000000003,0.5288461538461539,0
2024,5,RUS,8,1,0.7730000000000103,1.0465000000000089,0.23076923076923078,0
2024,5,ALO,3,2,0.48799999999999955,1.0889999999999986,0.23076923076923078,0
2024,5,PIA,5,1,0.6129999999999995,1.3145000000000095,0.3076923076923077,0
2024,5,HAM,18,1,1.9129999999999967,1.1170000000000044,0.09615384615384616,0
2024,5,HUL,9,3,0.9440000000000026,2.737499999999997,0.028846153846153848,0
2024,5,OCO,13,2,1.5630000000000024,1.6800000000000068,0.0,0
2024,5,ALB,14,3,1.581000000000003,1.7155000000000058,0.0,0
2024,5,GAS,15,2,1.6270000000000095,1.6955000000000098,0.0,0
2024,5,ZHO,16,3,1.8449999999999989,1.5889999999999986,0.0,0
2024,5,STR,11,2,1.1779999999999973,1.8785000000000025,0.08653846153846154,0
2024,5,MAG,17,3,1.8560000000000088,1.6530000000000058,0.009615384615384616,0
2024,5,SAR,20,3,2.6980000000000075,1.8725000000000023,0.0,0
2024,5,RIC,12,2,1.274000000000001,1.5160000000000053,0.0,0
2024,5,TSU,19,2,2.0859999999999985,1.7665000000000077,0.0673076923076923,0
2024,5,BOT,10,3,1.0050000000000097,1.7545000000000073,0.0,0
2024,6,NOR,5,1,0.35299999999999443,,0.4230769230769231,1
2024,6,VER,1,1,0.0,0.0,0.7846153846153846,1
2024,6,LEC,2,1,0.14100000000000534,0.1915000000000049,0.5461538461538461,1
2024,6,PER,4,1,0.2189999999999941,0.3155000000000001,0.6076923076923076,0
2024,6,SAI,3,1,0.21399999999999864,0.7409999999999997,0.5,0
2024,6,HAM,8,1,0.45600000000000307,1.3170000000000073,0.09230769230769231,0
2024,6,TSU,10,2,0.9260000000000019,1.5705000000000098,0.05384615384615385,0
2024,6,RUS,7,1,0.8259999999999934,1.7169999999999987,0.24615384615384617,0
2024,6,ALO,15,2,1.186000000000007,1.7660000000000053,0.23846153846153847,0
2024,6,OCO,13,2,0.9680000000000035,1.784000000000006,0.0,0
2024,6,HUL,9,3,0.9050000000000011,1.206000000000003,0.03076923076923077,0
2024,6,GAS,12,2,0.7349999999999994,1.472999999999999,0.0,0
2024,6,PIA,6,1,0.4339999999999975,0.7225000000000108,0.27692307692307694,0
2024,6,ZHO,19,3,1.5829999999999984,1.7275000000000063,0.0,0
2024,6,RIC,20,2,1.3760000000000048,0.8200000000000074,0.0,0
2024,6,BOT,16,3,1.2219999999999942,1.8155000000000001,0.0,0
2024,6,STR,11,2,0.936000000000007,,0.06923076923076923,0
2024,6,ALB,14,3,1.1020000000000039,1.667500000000004,0.0,0
2024,6,MAG,18,3,1.3780000000000001,1.3875000000000028,0.007692307692307693,0
2024,6,SAR,17,3,1.2459999999999951,1.6730000000000018,0.0,0
2024,7,VER,1,1,0.0,4.475999999999999,0.7692307692307693,1
2024,7,NOR,2,1,0.09100000000000819,3.793999999999997,0.5128205128205128,1
2024,7,LEC,3,1,0.22400000000000375,0.0,0.5512820512820513,1
2024,7,PIA,5,1,0.07399999999999807,3.7719999999999914,0.23076923076923078,0
2024,7,SAI,4,1,0.487000000000009,4.173999999999992,0.4807692307692308,0
2024,7,HAM,8,1,0.7580000000000098,3.9054999999999893,0.1282051282051282,0
2024,7,RUS,6,1,0.48799999999999955,4.249499999999998,0.23076923076923078,0
2024,7,PER,11,1,0.960000000000008,4.280000000000001,0.5833333333333334,0
2024,7,STR,13,2,1.2460000000000093,4.440999999999988,0.057692307692307696,0
2024,7,TSU,7,2,0.612000000000009,5.128,0.08333333333333333,0
2024,7,HUL,10,3,0.8230000000000075,5.086999999999989,0.02564102564102564,0
2024,7,MAG,18,3,2.108000000000004,5.236999999999995,0.00641025641025641,0
2024,7,RIC,9,2,0.9280000000000115,4.771999999999991,0.0,0
2024,7,OCO,12,2,1.1600000000000108,5.339999999999989,0.00641025641025641,0
2024,7,ZHO,17,3,2.088000000000008,2.628,0.0,0
2024,7,GAS,15,2,1.2690000000000055,4.957499999999996,0.0,0
2024,7,SAR,19,3,2.5,5.220999999999989,0.0,0
2024,7,BOT,16,3,1.8800000000000097,1.3709999999999951,0.0,0
2024,7,ALO,20,2,2.1710000000000065,4.521999999999991,0.21153846153846154,0
2024,7,ALB,14,3,1.4540000000000077,5.1059999999999945,0.0,0
2024,8,LEC,1,1,0.0,4.060000000000002,0.554945054945055,1
2024,8,PIA,2,1,0.15400000000001057,2.6370000000000005,0.26373626373626374,1
2024,8,SAI,3,1,0.24800000000000466,0.21100000000001273,0.46703296703296704,1
2024,8,NOR,4,1,0.27200000000000557,3.375,0.5384615384615384,0
2024,8,RUS,5,1,0.27300000000001035,8.084000000000003,0.23626373626373626,0
2024,8,VER,6,1,0.29699999999999704,3.450000000000003,0.7967032967032966,0
2024,8,HAM,7,1,0.3509999999999991,3.423000000000002,0.15384615384615385,0
2024,8,TSU,8,2,0.5880000000000081,3.064000000000007,0.07692307692307693,0
2024,8,ALB,9,3,0.6779999999999973,3.497,0.0,0
2024,8,GAS,10,2,0.6260000000000048,2.2490000000000094,0.0,0
2024,8,ALO,14,2,1.7490000000000094,4.0800000000000125,0.1813186813186813,0
2024,8,RIC,12,2,1.2120000000000033,3.703000000000003,0.0,0
2024,8,BOT,17,3,2.2420000000000044,3.878,0.0,0
2024,8,STR,13,2,1.2930000000000064,4.287000000000006,0.06043956043956044,0
2024,8,SAR,15,3,1.75,0.0,0.0,0
2024,8,ZHO,18,3,2.7580000000000098,3.8830000000000098,0.0,0
2024,8,OCO,11,2,1.0150000000000006,1.5170000000000101,0.005494505494505495,0
2024,8,PER,16,1,1.7900000000000063,3.075000000000003,0.521978021978022,0
2024,8,HUL,19,3,1.1700000000000017,3.6410000000000053,0.02197802197802198,0
2024,8,MAG,20,3,1.4549999999999983,2.6340000000000003,0.005494505494505495,0
2024,9,VER,2,1,0.25799999999999557,,0.7355769230769231,1
2024,9,NOR,3,1,0.27899999999999636,10.941000000000003,0.5288461538461539,1
2024,9,RUS,1,1,0.0,2.2460000000000093,0.2548076923076923,1
2024,9,HAM,7,1,0.23699999999999477,4.094500000000011,0.16826923076923078,0
2024,9,PIA,4,1,0.36099999999999,8.939999999999998,0.3173076923076923,0
2024,9,ALO,6,2,0.48599999999999,1.5390000000000015,0.15865384615384615,0
2024,9,STR,9,2,0.9170000000000016,1.4945000000000022,0.052884615384615384,0
2024,9,RIC,5,2,0.43599999999999284,1.3920000000000101,0.0,0
2024,9,GAS,15,2,1.1979999999999933,6.209000000000003,0.004807692307692308,0
2024,9,OCO,18,2,1.6929999999999978,3.0760000000000076,0.004807692307692308,0
2024,9,HUL,17,3,2.23599999999999,10.046000000000006,0.019230769230769232,0
2024,9,MAG,14,3,1.1739999999999924,3.503,0.004807692307692308,0
2024,9,BOT,19,3,1.6239999999999952,3.073999999999998,0.0,0
2024,9,TSU,8,2,0.5609999999999928,0.0,0.08653846153846154,0
2024,9,ZHO,20,3,2.549999999999997,10.988500000000002,0.0,0
2024,9,SAI,12,1,0.98599999999999,7.060500000000005,0.4807692307692308,0
2024,9,ALB,10,3,0.742999999999995,0.48400000000000887,0.009615384615384616,0
2024,9,PER,16,1,1.583999999999989,12.509500000000003,0.4567307692307692,0
2024,9,LEC,11,1,0.9489999999999981,3.584000000000003,0.6057692307692307,0
2024,9,SAR,13,3,0.9939999999999998,2.112000000000009,0.0,0
2024,10,VER,2,1,0.020000000000010232,3.1885000000000048,0.7606837606837606,1
2024,10,NOR,1,1,0.0,3.8560000000000088,0.5470085470085471,1
2024,10,HAM,3,1,0.31799999999999784,3.921500000000009,0.20512820512820512,1
2024,10,RUS,4,1,0.3200000000000074,3.9549999999999983,0.2905982905982906,0
2024,10,LEC,5,1,0.347999999999999,3.679000000000002,0.5384615384615384,0
2024,10,SAI,6,1,0.35300000000000864,3.9085000000000036,0.42735042735042733,0
2024,10,PIA,9,1,0.6280000000000001,3.8490000000000038,0.3247863247863248,0
2024,10,PER,11,1,0.6710000000000065,4.771500000000003,0.405982905982906,0
2024,10,GAS,7,2,0.47400000000000375,4.859999999999999,0.01282051282051282,0
2024,10,OCO,8,2,0.7259999999999991,4.8245000000000005,0.008547008547008548,0
2024,10,HUL,13,3,0.9270000000000067,5.097499999999997,0.017094017094017096,0
2024,10,ALO,10,2,0.7450000000000045,0.0,0.1752136752136752,0
2024,10,ZHO,15,3,1.355000000000004,0.8470000000000084,0.0,0
2024,10,STR,14,2,0.9890000000000043,4.917000000000002,0.07264957264957266,0
2024,10,RIC,18,2,1.6920000000000073,5.2379999999999995,0.017094017094017096,0
2024,10,BOT,12,3,0.8440000000000083,4.998999999999995,0.0,0
2024,10,MAG,16,3,1.554000000000002,5.037000000000006,0.004273504273504274,0
2024,10,ALB,20,3,1.7700000000000102,5.641999999999996,0.008547008547008548,0
2024,10,TSU,17,2,1.6020000000000039,5.694000000000003,0.07692307692307693,0
2024,10,SAR,19,3,2.1260000000000048,5.125,0.0,0
2024,11,RUS,3,1,0.5260000000000105,0.12600000000000477,0.3076923076923077,1
2024,11,PIA,7,1,0.7340000000000089,0.18350000000000932,0.3153846153846154,1
2024,11,SAI,4,1,0.5370000000000061,0.26650000000000773,0.4153846153846154,1
2024,11,HAM,5,1,0.5890000000000128,0.2469999999999999,0.2423076923076923,0
2024,11,VER,1,1,0.0,0.0,0.7807692307692308,0
2024,11,HUL,9,3,0.9480000000000075,1.2944999999999993,0.015384615384615385,0
2024,11,PER,8,1,0.8300000000000125,0.5750000000000028,0.38076923076923075,0
2024,11,MAG,12,3,1.0330000000000013,0.7815000000000083,0.0038461538461538464,0
2024,11,RIC,11,2,0.9750000000000085,1.2494999999999976,0.015384615384615385,0
2024,11,GAS,13,2,1.0450000000000017,0.9849999999999994,0.019230769230769232,0
2024,11,LEC,6,1,0.730000000000004,0.4410000000000025,0.5230769230769231,0
2024,11,OCO,10,2,0.960000000000008,0.9635000000000105,0.011538461538461539,0
2024,11,STR,17,2,1.5050000000000097,0.9150000000000063,0.06538461538461539,0
2024,11,TSU,14,2,1.0980000000000132,1.2580000000000098,0.06923076923076923,0
2024,11,ALB,16,3,1.4220000000000113,1.5300000000000011,0.007692307692307693,0
2024,11,BOT,18,3,1.5330000000000013,1.7070000000000078,0.0,0
2024,11,ZHO,20,3,1.747000000000014,2.07950000000001,0.0,0
2024,11,ALO,15,2,1.3250000000000028,1.3305000000000007,0.1576923076923077,0
2024,11,SAR,19,3,1.5420000000000016,1.4080000000000013,0.0,0
2024,11,NOR,2,1,0.4040000000000106,0.07600000000000762,0.5653846153846154,0
2024,12,HAM,2,1,0.17099999999999227,3.291499999999999,0.26223776223776224,1
2024,12,VER,4,1,0.38400000000000034,2.820999999999998,0.7447552447552448,1
2024,12,NOR,3,1,0.21099999999999852,2.7579999999999956,0.513986013986014,1
2024,12,PIA,5,1,0.41799999999999216,2.9975000000000023,0.34965034965034963,0
2024,12,SAI,7,1,0.6899999999999977,4.888000000000005,0.43006993006993005,0
2024,12,HUL,6,3,0.5189999999999912,3.9879999999999995,0.04195804195804196,0
2024,12,STR,8,2,0.7659999999999911,4.024500000000003,0.05944055944055944,0
2024,12,ALO,10,2,0.9110000000000014,0.0,0.14335664335664336,0
2024,12,ALB,9,3,0.820999999999998,3.531000000000006,0.006993006993006993,0
2024,12,TSU,13,2,1.4500000000000028,0.32200000000000273,0.06293706293706294,0
2024,12,SAR,12,3,1.3559999999999945,4.268000000000001,0.0,0
2024,12,MAG,17,3,7.0859999999999985,34.533,0.017482517482517484,0
2024,12,RIC,15,2,2.1299999999999955,0.12999999999999545,0.02097902097902098,0
2024,12,LEC,11,1,1.2779999999999916,3.171999999999997,0.4755244755244755,0
2024,12,BOT,16,3,6.611999999999995,0.3119999999999976,0.0,0
2024,12,OCO,18,2,8.738,,0.01048951048951049,0
2024,12,PER,20,1,12.528999999999996,3.5700000000000074,0.36713286713286714,0
2024,12,ZHO,14,3,2.048000000000002,4.733999999999995,0.0,0
2024,12,RUS,1,1,0.0,2.9939999999999998,0.36713286713286714,0
2024,12,GAS,19,2,13.985,3.9869999999999948,0.02097902097902098,0
2024,13,PIA,2,1,0.02199999999999136,,0.358974358974359,1
2024,13,NOR,1,1,0.0,0.0,0.5192307692307693,1
2024,13,HAM,5,1,0.6269999999999953,0.6955000000000098,0.32051282051282054,1
2024,13,LEC,6,1,0.6640000000000015,,0.4358974358974359,0
2024,13,VER,3,1,0.04599999999999227,0.1915000000000049,0.7403846153846154,0
2024,13,SAI,4,1,0.4689999999999941,0.7775000000000034,0.42948717948717946,0
2024,13,PER,16,1,2.658999999999992,0.1355000000000075,0.33653846153846156,0
2024,13,RUS,17,1,2.7409999999999997,0.7355000000000018,0.33653846153846156,0
2024,13,TSU,10,2,0.8939999999999912,,0.060897435897435896,0
2024,13,STR,8,2,0.847999999999999,1.1915000000000049,0.07371794871794872,0
2024,13,ALO,7,2,0.8160000000000025,1.3100000000000023,0.14423076923076922,0
2024,13,RIC,9,2,0.9749999999999943,0.6720000000000113,0.019230769230769232,0
2024,13,HUL,11,3,1.0899999999999892,1.4660000000000082,0.0641025641025641,0
2024,13,ALB,13,3,1.2019999999999982,0.70150000000001,0.01282051282051282,0
2024,13,MAG,15,3,1.320999999999998,1.170500000000004,0.016025641025641024,0
2024,13,BOT,12,3,1.1569999999999965,1.3685000000000116,0.0,0
2024,13,SAR,14,3,1.3160000000000025,1.1615000000000038,0.0,0
2024,13,OCO,19,2,2.8220000000000027,1.1645000000000039,0.009615384615384616,0
2024,13,ZHO,18,3,2.8100000000000023,1.7240000000000038,0.0,0
2024,13,GAS,20,2,2.938999999999993,0.6705000000000041,0.019230769230769232,0
2024,14,HAM,3,1,0.6759999999999877,2.5090000000000003,0.34023668639053256,1
2024,14,PIA,5,1,0.867999999999995,0.0,0.40532544378698226,1
2024,14,LEC,1,1,0.5949999999999989,2.7930000000000064,0.4378698224852071,1
2024,14,VER,11,1,0.0,1.6140000000000043,0.7130177514792899,0
2024,14,NOR,4,1,0.8219999999999885,2.1274999999999977,0.5325443786982249,0
2024,14,SAI,7,1,0.9529999999999887,2.1640000000000015,0.42011834319526625,0
2024,14,PER,2,1,0.6059999999999945,2.7550000000000097,0.32840236686390534,0
2024,14,ALO,8,2,1.0989999999999895,3.064000000000007,0.13313609467455623,0
2024,14,OCO,9,2,1.3009999999999877,2.858000000000004,0.008875739644970414,0
2024,14,RIC,13,2,1.5229999999999961,2.682000000000002,0.01775147928994083,0
2024,14,STR,15,2,2.556999999999988,3.5450000000000017,0.07100591715976332,0
2024,14,ALB,10,3,1.313999999999993,2.6779999999999973,0.011834319526627219,0
2024,14,GAS,12,2,1.475999999999999,,0.01775147928994083,0
2024,14,MAG,17,3,3.340999999999994,3.8950000000000102,0.014792899408284023,0
2024,14,BOT,14,3,1.6049999999999898,3.617500000000007,0.0,0
2024,14,TSU,20,2,3.4339999999999975,4.222000000000008,0.0621301775147929,0
2024,14,SAR,18,3,4.070999999999998,2.7409999999999997,0.0,0
2024,14,HUL,16,3,3.149000000000001,3.207000000000008,0.05917159763313609,0
2024,14,ZHO,19,3,4.616,3.6910000000000025,0.0,0
2024,14,RUS,6,1,0.9359999999999928,2.8689999999999998,0.3254437869822485,0
2024,15,NOR,1,1,0.0,2.1329999999999956,0.521978021978022,1
2024,15,VER,2,1,0.35599999999999454,2.0889999999999986,0.695054945054945,1
2024,15,LEC,6,1,0.9089999999999918,3.1440000000000055,0.4478021978021978,1
2024,15,PIA,3,1,0.4989999999999952,0.3780000000000001,0.4258241758241758,0
2024,15,SAI,10,1,1.2409999999999997,,0.41208791208791207,0
2024,15,PER,5,1,0.742999999999995,3.115000000000009,0.3241758241758242,0
2024,15,RUS,4,1,0.570999999999998,2.322500000000005,0.3021978021978022,0
2024,15,HAM,14,1,1.2749999999999915,2.6899999999999977,0.38461538461538464,0
2024,15,GAS,9,2,1.141999999999996,1.6659999999999968,0.016483516483516484,0
2024,15,ALO,7,2,0.9599999999999937,3.1099999999999994,0.1346153846153846,0
2024,15,HUL,12,3,1.5420000000000016,,0.054945054945054944,0
2024,15,RIC,13,2,2.269999999999996,3.594999999999999,0.019230769230769232,0
2024,15,STR,8,2,0.9879999999999995,0.0,0.06593406593406594,0
2024,15,ALB,19,3,0.980000000000004,2.823999999999998,0.01098901098901099,0
2024,15,OCO,15,2,2.3220000000000027,1.1890000000000072,0.013736263736263736,0
2024,15,SAR,18,3,2.5,3.4920000000000044,0.0,0
2024,15,TSU,11,2,1.2819999999999965,0.6629999999999967,0.057692307692307696,0
2024,15,MAG,20,3,1.6219999999999999,1.1470000000000056,0.013736263736263736,0
2024,15,BOT,16,3,2.4950000000000045,1.2860000000000014,0.0,0
2024,15,ZHO,17,3,3.587999999999994,2.1200000000000045,0.0,0
2024,16,LEC,4,1,0.13400000000000034,0.7875000000000085,0.4564102564102564,1
2024,16,PIA,2,1,0.10900000000000887,0.4650000000000034,0.4282051282051282,1
2024,16,NOR,1,1,0.0,0.7130000000000081,0.5538461538461539,1
2024,16,SAI,5,1,0.14000000000000057,0.7420000000000044,0.41025641025641024,0
2024,16,HAM,6,1,0.18600000000000705,1.011499999999998,0.36923076923076925,0
2024,16,VER,7,1,0.33500000000000796,0.542500000000004,0.6948717948717948,0
2024,16,RUS,3,1,0.11299999999999955,0.0,0.29743589743589743,0
2024,16,PER,8,1,0.7349999999999994,0.38349999999999795,0.3230769230769231,0
2024,16,ALB,9,3,0.9720000000000084,1.160499999999999,0.010256410256410256,0
2024,16,MAG,13,3,1.3709999999999951,,0.01282051282051282,0
2024,16,ALO,11,2,1.0940000000000083,1.1905000000000001,0.1282051282051282,0
2024,16,COL,18,3,1.7340000000000089,0.742999999999995,0.0,0
2024,16,RIC,12,2,1.152000000000001,1.4240000000000066,0.017948717948717947,0
2024,16,OCO,15,2,1.4369999999999976,,0.01282051282051282,0
2024,16,GAS,14,2,1.4110000000000014,24.814999999999998,0.020512820512820513,0
2024,16,BOT,19,3,1.774000000000001,1.1209999999999951,0.0,0
2024,16,HUL,10,3,1.0120000000000005,1.0324999999999989,0.05128205128205128,0
2024,16,ZHO,20,3,2.117999999999995,3.1724999999999994,0.0,0
2024,16,STR,17,2,1.686000000000007,1.0644999999999953,0.06153846153846154,0
2024,16,TSU,16,2,1.617999999999995,1.7964999999999947,0.05384615384615385,0
2024,17,PIA,2,1,0.32100000000001216,3.0614999999999952,0.44471153846153844,1
2024,17,LEC,1,1,0.0,,0.4879807692307692,1
2024,17,RUS,5,1,0.5090000000000003,2.3174999999999955,0.2932692307692308,1
2024,17,NOR,15,1,2.2439999999999998,3.1684999999999945,0.5576923076923077,0
2024,17,VER,6,1,0.6580000000000013,3.9539999999999935,0.6706730769230769,0
2024,17,ALO,7,2,1.0040000000000049,5.228499999999997,0.1201923076923077,0
2024,17,ALB,9,3,1.4750000000000085,3.852000000000004,0.014423076923076924,0
2024,17,COL,8,3,1.108000000000004,3.889499999999998,0.0,0
2024,17,HAM,19,1,0.9240000000000066,2.021000000000001,0.3701923076923077,0
2024,17,BEA,10,3,1.6030000000000086,4.274000000000001,0.014423076923076924,0
2024,17,HUL,12,3,1.7360000000000042,5.224999999999994,0.04807692307692308,0
2024,17,GAS,18,2,1.8140000000000072,4.075499999999991,0.019230769230769232,0
2024,17,RIC,14,2,2.182000000000002,5.0589999999999975,0.016826923076923076,0
2024,17,ZHO,17,3,2.8810000000000002,0.7929999999999922,0.0,0
2024,17,OCO,20,2,3.13900000000001,0.0,0.01201923076923077,0
2024,17,BOT,16,3,2.253,2.1119999999999948,0.0,0
2024,17,PER,4,1,0.4480000000000075,2.789999999999992,0.3125,0
2024,17,SAI,3,1,0.44000000000001194,2.790999999999997,0.41346153846153844,0
2024,17,STR,13,2,2.0050000000000097,6.647999999999996,0.057692307692307696,0
2024,17,TSU,11,2,1.6700000000000017,4.628,0.05048076923076923,0
2024,18,NOR,1,1,0.0,4.7250000000000085,0.5542986425339367,1
2024,18,VER,2,1,0.15500000000000114,5.487000000000009,0.6538461538461539,1
2024,18,PIA,5,1,0.11499999999999488,9.131,0.4751131221719457,1
2024,18,RUS,4,1,0.34199999999999875,5.231999999999999,0.30995475113122173,0
2024,18,LEC,9,1,0.2219999999999942,4.9680000000000035,0.5,0
2024,18,HAM,3,1,0.3159999999999883,5.686999999999998,0.35294117647058826,0
2024,18,SAI,10,1,0.5829999999999984,0.0,0.3891402714932127,0
2024,18,ALO,7,2,0.688999999999993,1.4120000000000061,0.13122171945701358,0
2024,18,HUL,6,3,0.5899999999999892,6.625,0.04524886877828054,0
2024,18,PER,13,1,1.0539999999999878,7.222999999999999,0.29411764705882354,0
2024,18,COL,12,3,0.9559999999999889,1.605000000000004,0.00904977375565611,0
2024,18,TSU,8,2,0.7639999999999958,6.247,0.04751131221719457,0
2024,18,OCO,15,2,1.2439999999999998,5.659500000000008,0.011312217194570135,0
2024,18,STR,17,2,1.5689999999999884,5.924000000000007,0.05429864253393665,0
2024,18,ZHO,20,3,2.5289999999999964,6.016000000000005,0.0,0
2024,18,BOT,19,3,2.046999999999997,6.901499999999999,0.0,0
2024,18,GAS,18,2,1.786999999999992,5.400000000000006,0.01809954751131222,0
2024,18,RIC,16,2,1.559999999999988,6.7109999999999985,0.01583710407239819,0
2024,18,MAG,14,3,1.1280000000000001,6.094000000000008,0.013574660633484163,0
2024,18,ALB,11,3,0.9489999999999981,5.286500000000004,0.027149321266968326,0
2024,19,LEC,4,1,0.4099999999999966,0.1384999999999934,0.4935897435897436,1
2024,19,SAI,3,1,0.32200000000000273,0.11599999999999966,0.3803418803418803,1
2024,19,VER,2,1,0.03100000000000591,0.0,0.655982905982906,1
2024,19,NOR,1,1,0.0,0.1735000000000042,0.5769230769230769,0
2024,19,PIA,5,1,0.6200000000000045,1.2134999999999962,0.4807692307692308,0
2024,19,RUS,20,1,0.6440000000000055,0.6809999999999974,0.31837606837606836,0
2024,19,PER,9,1,0.6899999999999977,1.492999999999995,0.2799145299145299,0
2024,19,HUL,11,3,1.2139999999999986,1.1869999999999976,0.04700854700854701,0
2024,19,LAW,19,2,1.0090000000000003,1.8174999999999955,0.0,0
2024,19,COL,15,3,1.7319999999999993,1.7399999999999949,0.008547008547008548,0
2024,19,MAG,8,3,1.1440000000000055,1.031000000000006,0.01282051282051282,0
2024,19,GAS,6,2,0.6880000000000024,1.804000000000002,0.017094017094017096,0
2024,19,ALO,7,2,0.9789999999999992,2.069500000000005,0.13247863247863248,0
2024,19,TSU,10,2,1.176000000000002,1.707499999999996,0.04487179487179487,0
2024,19,STR,13,2,1.429000000000002,1.8970000000000056,0.05128205128205128,0
2024,19,ALB,14,3,1.7210000000000036,1.7090000000000032,0.02564102564102564,0
2024,19,BOT,16,3,1.8220000000000027,2.245500000000007,0.0,0
2024,19,OCO,12,2,1.266999999999996,1.867999999999995,0.010683760683760684,0
2024,19,ZHO,18,3,1.8979999999999961,2.2049999999999983,0.0,0
2024,19,HAM,17,1,1.823999999999998,0.5905000000000058,0.3504273504273504,0
2024,20,SAI,1,1,0.0,0.12950000000000728,0.3967611336032389,1
2024,20,NOR,3,1,0.31400000000000716,0.3710000000000093,0.5708502024291497,1
2024,20,LEC,4,1,0.3190000000000026,0.0,0.5182186234817814,1
2024,20,HAM,6,1,0.7049999999999983,0.4240000000000066,0.3319838056680162,0
2024,20,RUS,5,1,0.4099999999999966,,0.31781376518218624,0
2024,20,VER,2,1,0.22500000000000853,,0.6518218623481782,0
2024,20,MAG,7,3,0.9399999999999977,1.218500000000006,0.012145748987854251,0
2024,20,PIA,17,1,1.6509999999999962,0.277000000000001,0.4757085020242915,0
2024,20,HUL,10,3,1.0490000000000066,1.1925000000000097,0.05263157894736842,0
2024,20,GAS,8,2,0.945999999999998,1.0210000000000008,0.016194331983805668,0
2024,20,STR,14,2,1.347999999999999,1.4100000000000108,0.048582995951417005,0
2024,20,COL,16,3,1.612000000000009,0.9595000000000056,0.010121457489878543,0
2024,20,OCO,20,2,1.6710000000000065,0.9205000000000041,0.010121457489878543,0
2024,20,BOT,15,3,1.4470000000000027,1.3790000000000049,0.0,0
2024,20,ZHO,19,3,2.1260000000000048,1.0040000000000049,0.0,0
2024,20,LAW,12,2,1.2160000000000082,1.1810000000000116,0.004048582995951417,0
2024,20,PER,18,1,1.6650000000000063,1.0450000000000017,0.2773279352226721,0
2024,20,ALO,13,2,1.2220000000000084,1.7550000000000097,0.12550607287449392,0
2024,20,ALB,9,3,1.0420000000000016,,0.024291497975708502,0
2024,20,TSU,11,2,1.183000000000007,0.9860000000000042,0.04251012145748988,0
2024,21,VER,17,1,4.366,0.058000000000006935,0.6346153846153846,1
2024,21,OCO,4,2,1.0699999999999932,1.2025000000000006,0.009615384615384616,1
2024,21,GAS,13,2,6.015000000000001,0.7750000000000057,0.01730769230769231,1
2024,21,RUS,2,1,0.17300000000000182,0.3954999999999984,0.3211538461538462,0
2024,21,LEC,6,1,1.1200000000000045,0.15050000000000807,0.5230769230769231,0
2024,21,NOR,1,1,0.0,0.045000000000001705,0.5769230769230769,0
2024,21,TSU,3,2,0.7060000000000031,1.4865000000000066,0.04038461538461539,0
2024,21,PIA,8,1,1.281000000000006,0.0,0.4596153846153846,0
2024,21,LAW,5,2,1.0789999999999935,0.8435000000000059,0.0038461538461538464,0
2024,21,HAM,14,1,7.7450000000000045,1.1484999999999985,0.3384615384615385,0
2024,21,PER,12,1,4.753,0.6274999999999977,0.26346153846153847,0
2024,21,BEA,15,3,7.823999999999998,1.1265000000000072,0.013461538461538462,0
2024,21,BOT,11,3,3.066999999999993,1.7295000000000016,0.0,0
2024,21,ALO,9,2,5.5930000000000035,2.0075000000000074,0.11923076923076924,0
2024,21,ZHO,19,3,8.858000000000004,1.9655000000000058,0.0,0
2024,21,SAI,20,1,6.001000000000005,0.11849999999999739,0.425,0
2024,21,COL,16,3,7.864999999999995,1.2085000000000008,0.009615384615384616,0
2024,21,ALB,7,3,1.2519999999999953,1.0165000000000077,0.023076923076923078,0
2024,21,STR,10,2,2.929000000000002,2.0075000000000074,0.046153846153846156,0
2024,21,HUL,18,3,8.218000000000004,1.1514999999999986,0.05384615384615385,0
2024,22,RUS,1,1,0.0,1.3485000000000014,0.32783882783882784,1
2024,22,HAM,10,1,0.25499999999999545,2.751500000000007,0.3241758241758242,1
2024,22,SAI,2,1,0.09799999999999898,1.3295000000000101,0.40476190476190477,1
2024,22,LEC,4,1,0.47100000000000364,1.8179999999999978,0.5164835164835165,0
2024,22,VER,5,1,0.48499999999999943,1.8525000000000063,0.652014652014652,0
2024,22,NOR,6,1,0.695999999999998,2.3569999999999993,0.5641025641025641,0
2024,22,PIA,8,1,0.7120000000000033,0.44700000000000273,0.44505494505494503,0
2024,22,HUL,9,3,0.75,2.014499999999998,0.05128205128205128,0
2024,22,TSU,7,2,0.7169999999999987,2.549999999999997,0.04945054945054945,0
2024,22,PER,15,1,1.8430000000000035,1.2150000000000034,0.2509157509157509,0
2024,22,ALO,16,2,1.945999999999998,4.274500000000003,0.11355311355311355,0
2024,22,MAG,12,3,0.9849999999999994,2.676000000000002,0.02197802197802198,0
2024,22,ZHO,13,3,1.2540000000000049,3.049999999999997,0.0,0
2024,22,COL,20,3,1.4339999999999975,3.167500000000004,0.009157509157509158,0
2024,22,STR,18,2,2.171999999999997,0.0,0.04395604395604396,0
2024,22,LAW,14,2,1.7750000000000057,2.8299999999999983,0.007326007326007326,0
2024,22,OCO,11,2,0.909000000000006,2.2240000000000038,0.04212454212454213,0
2024,22,BOT,19,3,2.118000000000009,3.457000000000008,0.0,0
2024,22,ALB,17,3,2.1129999999999995,,0.02197802197802198,0
2024,22,GAS,3,2,0.35200000000000387,2.2630000000000052,0.04395604395604396,0
2024,23,VER,2,1,0.0,0.3059999999999974,0.6398601398601399,1
2024,23,LEC,5,1,0.33200000000000784,0.16949999999999932,0.513986013986014,1
2024,23,PIA,4,1,0.3089999999999975,0.0,0.4353146853146853,1
2024,23,RUS,1,1,0.05500000000000682,0.20600000000000307,0.35664335664335667,0
2024,23,GAS,11,2,0.9170000000000016,0.39350000000000307,0.04195804195804196,0
2024,23,SAI,7,1,0.5210000000000008,0.21999999999999886,0.4125874125874126,0
2024,23,ALO,8,2,0.6880000000000024,0.6424999999999983,0.10839160839160839,0
2024,23,ZHO,12,3,0.9810000000000088,0.6315000000000026,0.0,0
2024,23,MAG,10,3,0.8670000000000044,0.4620000000000033,0.02097902097902098,0
2024,23,NOR,3,1,0.25200000000000955,0.32900000000000773,0.5541958041958042,0
2024,23,BOT,13,3,1.2109999999999985,0.6629999999999967,0.0,0
2024,23,HAM,6,1,0.49099999999999966,0.3739999999999952,0.3409090909090909,0
2024,23,TSU,14,2,1.2510000000000048,1.3155000000000001,0.050699300699300696,0
2024,23,LAW,17,2,1.8910000000000053,1.3370000000000033,0.006993006993006993,0
2024,23,ALB,16,3,1.8700000000000045,1.3485000000000014,0.02097902097902098,0
2024,23,HUL,18,3,1.921999999999997,0.4030000000000058,0.055944055944055944,0
2024,23,PER,9,1,0.9050000000000011,1.531000000000006,0.24125874125874125,0
2024,23,STR,15,2,1.3910000000000053,0.8345000000000056,0.04195804195804196,0
2024,23,COL,19,3,2.073999999999998,1.0790000000000077,0.008741258741258742,0
2024,23,OCO,20,2,2.1940000000000026,1.2950000000000017,0.04020979020979021,0
2025,1,NOR,1,1,0.0,,0.0,1
2025,1,VER,3,1,0.3849999999999909,,0.0,1
2025,1,RUS,4,1,0.45000000000000284,,0.0,1
2025,1,ANT,16,1,1.429000000000002,,0.0,0
2025,1,ALB,6,3,0.6409999999999911,,0.0,0
2025,1,STR,13,2,1.2729999999999961,,0.0,0
2025,1,HUL,17,3,1.4829999999999899,,0.0,0
2025,1,LEC,7,1,0.6589999999999918,,0.0,0
2025,1,PIA,2,1,0.08400000000000318,,0.0,0
2025,1,HAM,8,1,0.8229999999999933,,0.0,0
2025,1,GAS,9,2,0.8840000000000003,,0.0,0
2025,1,TSU,5,3,0.5739999999999981,,0.0,0
2025,1,OCO,19,3,2.051000000000002,,0.0,0
2025,1,BEA,20,3,2.5,,0.0,0
2025,1,LAW,18,1,1.9979999999999905,,0.0,0
2025,1,BOR,15,3,1.4200000000000017,,0.0,0
2025,1,ALO,12,2,1.191999999999993,,0.0,0
2025,1,SAI,10,3,0.8349999999999937,,0.0,0
2025,1,DOO,14,2,1.218999999999994,,0.0,0
2025,1,HAD,11,3,1.0789999999999935,,0.0,0
2025,2,PIA,1,1,0.0,,0.07692307692307693,1
2025,2,NOR,3,1,0.1460000000000008,,0.9615384615384616,1
2025,2,RUS,2,1,0.08199999999999363,,0.5769230769230769,1
2025,2,VER,4,1,0.17599999999998772,,0.6923076923076923,0
2025,2,OCO,11,3,0.9839999999999947,,0.0,0
2025,2,ANT,8,1,0.4619999999999891,,0.46153846153846156,0
2025,2,ALB,10,3,0.8619999999999948,,0.38461538461538464,0
2025,2,BEA,17,3,1.3769999999999953,,0.0,0
2025,2,STR,14,2,1.1319999999999908,,0.3076923076923077,0
2025,2,SAI,15,3,0.9869999999999948,,0.0,0
2025,2,HAD,7,3,0.4379999999999882,,0.0,0
2025,2,LAW,20,1,1.5330000000000013,,0.0,0
2025,2,DOO,18,2,1.4509999999999934,,0.0,0
2025,2,BOR,19,3,1.5,,0.0,0
2025,2,HUL,12,3,0.9909999999999997,,0.23076923076923078,0
2025,2,TSU,9,3,0.5969999999999942,,0.0,0
2025,2,ALO,13,2,1.046999999999997,,0.0,0
2025,2,LEC,6,1,0.37999999999999545,,0.15384615384615385,0
2025,2,HAM,5,1,0.28600000000000136,,0.038461538461538464,0
2025,2,GAS,16,2,1.350999999999999,,0.0,0
2026,1,RUS,1,1,0.0,,0.0,1
2026,1,ANT,2,1,0.29300000000000637,,0.0,1
2026,1,LEC,4,1,0.8089999999999975,,0.0,1
2026,1,HAM,7,1,0.9599999999999937,,0.0,0
2026,1,NOR,6,1,0.9569999999999936,,0.0,0
2026,1,VER,20,1,2.5,,0.0,0
2026,1,BEA,12,3,1.7930000000000064,,0.0,0
2026,1,LIN,9,3,1.453000000000003,,0.0,0
2026,1,BOR,10,3,1.703000000000003,,0.0,0
2026,1,GAS,14,2,1.983000000000004,,0.0,0
2026,1,OCO,13,3,1.972999999999999,,0.0,0
2026,1,ALB,15,3,2.423000000000002,,0.0,0
2026,1,LAW,8,3,1.475999999999999,,0.0,0
2026,1,COL,16,2,2.682000000000002,,0.0,0
2026,1,SAI,21,3,2.5,,0.0,0
2026,1,PER,18,3,4.087000000000003,,0.0,0
2026,1,STR,22,2,2.5,,0.0,0
2026,1,ALO,17,2,3.4509999999999934,,0.0,0
2026,1,BOT,19,3,4.725999999999999,,0.0,0
2026,1,HAD,3,1,0.7849999999999966,,0.0,0
2026,1,PIA,5,1,0.8619999999999948,,0.0,0
2026,1,HUL,11,3,1.7849999999999966,,0.0,0
2026,2,ANT,1,1,0.0,,0.6923076923076923,1
2026,2,RUS,2,1,0.2220000000000084,,0.9615384615384616,1
2026,2,HAM,3,1,0.3510000000000133,,0.46153846153846156,1
2026,2,LEC,4,1,0.3640000000000043,,0.5769230769230769,0
2026,2,BEA,10,3,1.1330000000000098,,0.23076923076923078,0
2026,2,GAS,7,2,0.8090000000000117,,0.038461538461538464,0
2026,2,LAW,14,3,1.7010000000000076,,0.0,0
2026,2,HAD,9,1,1.0570000000000022,,0.0,0
2026,2,SAI,17,3,2.253,,0.0,0
2026,2,COL,12,2,1.2930000000000064,,0.0,0
2026,2,HUL,11,3,1.2900000000000063,,0.0,0
2026,2,LIN,15,3,1.720000000000013,,0.15384615384615385,0
2026,2,BOT,19,3,3.372000000000014,,0.0,0
2026,2,OCO,13,3,1.4740000000000038,,0.0,0
2026,2,PER,21,3,4.842000000000013,,0.0,0
2026,2,VER,8,1,0.9380000000000024,,0.3076923076923077,0
2026,2,ALO,18,2,3.13900000000001,,0.0,0
2026,2,STR,20,2,3.9310000000000116,,0.0,0
2026,2,PIA,5,1,0.4860000000000042,,0.0,0
2026,2,NOR,6,1,0.5440000000000111,,0.38461538461538464,0
2026,2,BOR,16,3,1.4850000000000136,,0.07692307692307693,0
2026,2,ALB,22,3,2.7080000000000126,,0.0,0
2026,3,ANT,1,1,0.0,0.0,0.8269230769230769,1
2026,3,PIA,3,1,0.3539999999999992,1.4969999999999999,0.0,1
2026,3,LEC,4,1,0.5249999999999915,1.1530000000000058,0.5192307692307693,1
2026,3,RUS,2,1,0.2979999999999876,3.2049999999999983,0.8269230769230769,0
2026,3,NOR,5,1,0.6310000000000002,12.424000000000007,0.19230769230769232,0
2026,3,HAM,6,1,0.7889999999999873,4.748999999999995,0.5192307692307693,0
2026,3,GAS,7,2,0.9129999999999967,4.399000000000001,0.17307692307692307,0
2026,3,VER,11,1,1.4839999999999947,4.391000000000005,0.15384615384615385,0
2026,3,LAW,14,3,1.7169999999999987,5.267499999999998,0.11538461538461539,0
2026,3,OCO,12,3,1.5309999999999917,2.6299999999999955,0.0,0
2026,3,HUL,13,3,1.5799999999999983,1.1950000000000074,0.0,0
2026,3,HAD,8,1,1.1999999999999886,4.459999999999994,0.07692307692307693,0
2026,3,BOR,9,3,1.211999999999989,,0.038461538461538464,0
2026,3,LIN,10,3,1.3309999999999889,,0.07692307692307693,0
2026,3,SAI,16,3,2.149000000000001,5.6815,0.038461538461538464,0
2026,3,COL,15,2,1.8489999999999895,2.153000000000006,0.019230769230769232,0
2026,3,PER,19,3,3.4279999999999973,6.406000000000006,0.0,0
2026,3,ALO,21,2,3.867999999999995,6.905000000000001,0.0,0
2026,3,BOT,20,3,3.5519999999999925,3.3689999999999998,0.0,0
2026,3,ALB,17,3,2.309999999999988,1.7729999999999961,0.0,0
2026,3,STR,22,2,4.141999999999996,4.656000000000006,0.0,0
2026,3,BEA,18,3,2.3119999999999976,4.594999999999999,0.3076923076923077,0
